Institution,Year,Month,Inmate Count
ASP,2015,Jan,4064
CAL,2015,Jan,3747
CCC,2015,Jan,4462
CCI,2015,Jan,4189
CEN,2015,Jan,3215
CHCF,2015,Jan,1951
CIM,2015,Jan,4278
CMC,2015,Jan,4037
CMF,2015,Jan,2129
COR,2015,Jan,4077
CRC,2015,Jan,2473
CTF,2015,Jan,4592
CVSP,2015,Jan,2222
DVI,2015,Jan,2372
FOL,2015,Jan,2499
HDSP,2015,Jan,3494
ISP,2015,Jan,3095
KVSP,2015,Jan,3774
LAC,2015,Jan,3512
MCSP,2015,Jan,2838
NKSP,2015,Jan,4121
PBSP,2015,Jan,2631
PVSP,2015,Jan,3232
RJD,2015,Jan,3063
SAC,2015,Jan,2177
SATF,2015,Jan,5370
SCC,2015,Jan,4372
SOL,2015,Jan,3889
SQ,2015,Jan,4096
SVSP,2015,Jan,3592
VSP,2015,Jan,3112
WSP,2015,Jan,4859
ASP,2015,Feb,3992
CAL,2015,Feb,3726
CCC,2015,Feb,4344
CCI,2015,Feb,4250
CEN,2015,Feb,3255
CHCF,2015,Feb,1943
CIM,2015,Feb,4150
CMC,2015,Feb,3950
CMF,2015,Feb,2114
COR,2015,Feb,4000
CRC,2015,Feb,2483
CTF,2015,Feb,4628
CVSP,2015,Feb,2132
DVI,2015,Feb,2400
FOL,2015,Feb,2447
HDSP,2015,Feb,3478
ISP,2015,Feb,3179
KVSP,2015,Feb,3707
LAC,2015,Feb,3481
MCSP,2015,Feb,2843
NKSP,2015,Feb,4031
PBSP,2015,Feb,2630
PVSP,2015,Feb,3216
RJD,2015,Feb,3017
SAC,2015,Feb,2181
SATF,2015,Feb,5401
SCC,2015,Feb,4369
SOL,2015,Feb,3877
SQ,2015,Feb,3954
SVSP,2015,Feb,3583
VSP,2015,Feb,3026
WSP,2015,Feb,4966
ASP,2015,Mar,3853
CAL,2015,Mar,3668
CCC,2015,Mar,4241
CCI,2015,Mar,4086
CEN,2015,Mar,3321
CHCF,2015,Mar,1945
CIM,2015,Mar,4049
CMC,2015,Mar,3885
CMF,2015,Mar,2123
COR,2015,Mar,4093
CRC,2015,Mar,2455
CTF,2015,Mar,4661
CVSP,2015,Mar,2223
DVI,2015,Mar,2354
FOL,2015,Mar,2414
HDSP,2015,Mar,3391
ISP,2015,Mar,3142
KVSP,2015,Mar,3732
LAC,2015,Mar,3486
MCSP,2015,Mar,2835
NKSP,2015,Mar,4214
PBSP,2015,Mar,2626
PVSP,2015,Mar,3157
RJD,2015,Mar,3015
SAC,2015,Mar,2228
SATF,2015,Mar,5416
SCC,2015,Mar,4303
SOL,2015,Mar,3810
SQ,2015,Mar,3897
SVSP,2015,Mar,3574
VSP,2015,Mar,3023
WSP,2015,Mar,4958
ASP,2015,Apr,3374
CAL,2015,Apr,3653
CCC,2015,Apr,4124
CCI,2015,Apr,3838
CEN,2015,Apr,3357
CHCF,2015,Apr,1941
CIM,2015,Apr,4045
CMC,2015,Apr,3886
CMF,2015,Apr,2151
COR,2015,Apr,4324
CRC,2015,Apr,2422
CTF,2015,Apr,4893
CVSP,2015,Apr,2233
DVI,2015,Apr,2260
FOL,2015,Apr,2392
HDSP,2015,Apr,3319
ISP,2015,Apr,3107
KVSP,2015,Apr,3747
LAC,2015,Apr,3473
MCSP,2015,Apr,2866
NKSP,2015,Apr,4356
PBSP,2015,Apr,2680
PVSP,2015,Apr,2723
RJD,2015,Apr,3032
SAC,2015,Apr,2225
SATF,2015,Apr,5515
SCC,2015,Apr,4270
SOL,2015,Apr,3835
SQ,2015,Apr,3898
SVSP,2015,Apr,3670
VSP,2015,Apr,3158
WSP,2015,Apr,4934
ASP,2015,May,3005
CAL,2015,May,3728
CCC,2015,May,4142
CCI,2015,May,3818
CEN,2015,May,3488
CHCF,2015,May,1912
CIM,2015,May,3927
CMC,2015,May,3890
CMF,2015,May,2197
COR,2015,May,4341
CRC,2015,May,2392
CTF,2015,May,4977
CVSP,2015,May,2273
DVI,2015,May,2199
FOL,2015,May,2418
HDSP,2015,May,3307
ISP,2015,May,3127
KVSP,2015,May,3716
LAC,2015,May,3503
MCSP,2015,May,2898
NKSP,2015,May,4247
PBSP,2015,May,2693
PVSP,2015,May,2511
RJD,2015,May,3107
SAC,2015,May,2266
SATF,2015,May,5611
SCC,2015,May,4247
SOL,2015,May,3850
SQ,2015,May,3787
SVSP,2015,May,3723
VSP,2015,May,3316
WSP,2015,May,5022
ASP,2015,Jun,2708
CAL,2015,Jun,3763
CCC,2015,Jun,4079
CCI,2015,Jun,3971
CEN,2015,Jun,3478
CHCF,2015,Jun,1973
CIM,2015,Jun,3864
CMC,2015,Jun,3792
CMF,2015,Jun,2261
COR,2015,Jun,4409
CRC,2015,Jun,2407
CTF,2015,Jun,5132
CVSP,2015,Jun,2269
DVI,2015,Jun,2118
FOL,2015,Jun,2379
HDSP,2015,Jun,3311
ISP,2015,Jun,3419
KVSP,2015,Jun,3630
LAC,2015,Jun,3484
MCSP,2015,Jun,2932
NKSP,2015,Jun,4384
PBSP,2015,Jun,2739
PVSP,2015,Jun,2245
RJD,2015,Jun,3132
SAC,2015,Jun,2302
SATF,2015,Jun,5565
SCC,2015,Jun,4325
SOL,2015,Jun,3862
SQ,2015,Jun,3705
SVSP,2015,Jun,3677
VSP,2015,Jun,3376
WSP,2015,Jun,4920
ASP,2015,Jul,2555
CAL,2015,Jul,3796
CCC,2015,Jul,3992
CCI,2015,Jul,3928
CEN,2015,Jul,3522
CHCF,2015,Jul,2027
CIM,2015,Jul,3794
CMC,2015,Jul,3750
CMF,2015,Jul,2394
COR,2015,Jul,4406
CRC,2015,Jul,2404
CTF,2015,Jul,5154
CVSP,2015,Jul,2246
DVI,2015,Jul,2201
FOL,2015,Jul,2340
HDSP,2015,Jul,3385
ISP,2015,Jul,3671
KVSP,2015,Jul,3605
LAC,2015,Jul,3516
MCSP,2015,Jul,2947
NKSP,2015,Jul,4479
PBSP,2015,Jul,2724
PVSP,2015,Jul,2301
RJD,2015,Jul,3167
SAC,2015,Jul,2317
SATF,2015,Jul,5533
SCC,2015,Jul,4364
SOL,2015,Jul,3838
SQ,2015,Jul,3626
SVSP,2015,Jul,3718
VSP,2015,Jul,3461
WSP,2015,Jul,4953
ASP,2015,Aug,2719
CAL,2015,Aug,3799
CCC,2015,Aug,3998
CCI,2015,Aug,3891
CEN,2015,Aug,3453
CHCF,2015,Aug,2043
CIM,2015,Aug,3781
CMC,2015,Aug,3691
CMF,2015,Aug,2519
COR,2015,Aug,4344
CRC,2015,Aug,2467
CTF,2015,Aug,5085
CVSP,2015,Aug,2068
DVI,2015,Aug,2313
FOL,2015,Aug,2361
HDSP,2015,Aug,3277
ISP,2015,Aug,3649
KVSP,2015,Aug,3694
LAC,2015,Aug,3485
MCSP,2015,Aug,2914
NKSP,2015,Aug,4379
PBSP,2015,Aug,2734
PVSP,2015,Aug,2502
RJD,2015,Aug,3180
SAC,2015,Aug,2264
SATF,2015,Aug,5465
SCC,2015,Aug,4395
SOL,2015,Aug,3810
SQ,2015,Aug,3687
SVSP,2015,Aug,3681
VSP,2015,Aug,3588
WSP,2015,Aug,4805
ASP,2015,Sep,3046
CAL,2015,Sep,3855
CCC,2015,Sep,3975
CCI,2015,Sep,3847
CEN,2015,Sep,3379
CHCF,2015,Sep,2194
CIM,2015,Sep,3583
CMC,2015,Sep,3851
CMF,2015,Sep,2584
COR,2015,Sep,4408
CRC,2015,Sep,2524
CTF,2015,Sep,5124
CVSP,2015,Sep,1826
DVI,2015,Sep,2331
FOL,2015,Sep,2357
HDSP,2015,Sep,3352
ISP,2015,Sep,3605
KVSP,2015,Sep,3747
LAC,2015,Sep,3514
MCSP,2015,Sep,2899
NKSP,2015,Sep,4444
PBSP,2015,Sep,2731
PVSP,2015,Sep,2674
RJD,2015,Sep,3113
SAC,2015,Sep,2224
SATF,2015,Sep,5540
SCC,2015,Sep,4354
SOL,2015,Sep,3843
SQ,2015,Sep,3347
SVSP,2015,Sep,3704
VSP,2015,Sep,3556
WSP,2015,Sep,4973
ASP,2015,Oct,3271
CAL,2015,Oct,3897
CCC,2015,Oct,3946
CCI,2015,Oct,3782
CEN,2015,Oct,3223
CHCF,2015,Oct,2187
CIM,2015,Oct,3554
CMC,2015,Oct,3937
CMF,2015,Oct,2558
COR,2015,Oct,4403
CRC,2015,Oct,2679
CTF,2015,Oct,5046
CVSP,2015,Oct,1850
DVI,2015,Oct,2436
FOL,2015,Oct,2445
HDSP,2015,Oct,3430
ISP,2015,Oct,3585
KVSP,2015,Oct,3807
LAC,2015,Oct,3563
MCSP,2015,Oct,2847
NKSP,2015,Oct,4109
PBSP,2015,Oct,2593
PVSP,2015,Oct,2996
RJD,2015,Oct,3064
SAC,2015,Oct,2193
SATF,2015,Oct,5499
SCC,2015,Oct,4431
SOL,2015,Oct,3865
SQ,2015,Oct,3398
SVSP,2015,Oct,3765
VSP,2015,Oct,3558
WSP,2015,Oct,5051
ASP,2015,Nov,3361
CAL,2015,Nov,3910
CCC,2015,Nov,3922
CCI,2015,Nov,3741
CEN,2015,Nov,2968
CHCF,2015,Nov,2193
CIM,2015,Nov,3436
CMC,2015,Nov,3955
CMF,2015,Nov,2514
COR,2015,Nov,4300
CRC,2015,Nov,2803
CTF,2015,Nov,5093
CVSP,2015,Nov,2076
DVI,2015,Nov,2624
FOL,2015,Nov,2399
HDSP,2015,Nov,3482
ISP,2015,Nov,3590
KVSP,2015,Nov,3944
LAC,2015,Nov,3569
MCSP,2015,Nov,2801
NKSP,2015,Nov,4027
PBSP,2015,Nov,2515
PVSP,2015,Nov,3057
RJD,2015,Nov,3083
SAC,2015,Nov,2245
SATF,2015,Nov,5557
SCC,2015,Nov,4415
SOL,2015,Nov,3875
SQ,2015,Nov,3506
SVSP,2015,Nov,3693
VSP,2015,Nov,3556
WSP,2015,Nov,4745
ASP,2015,Dec,3387
CAL,2015,Dec,3833
CCC,2015,Dec,3950
CCI,2015,Dec,3664
CEN,2015,Dec,3096
CHCF,2015,Dec,2194
CIM,2015,Dec,3490
CMC,2015,Dec,3976
CMF,2015,Dec,2517
COR,2015,Dec,4191
CRC,2015,Dec,2837
CTF,2015,Dec,5134
CVSP,2015,Dec,2222
DVI,2015,Dec,2646
FOL,2015,Dec,2390
HDSP,2015,Dec,3574
ISP,2015,Dec,3557
KVSP,2015,Dec,3889
LAC,2015,Dec,3559
MCSP,2015,Dec,2814
NKSP,2015,Dec,4053
PBSP,2015,Dec,2424
PVSP,2015,Dec,3107
RJD,2015,Dec,3238
SAC,2015,Dec,2264
SATF,2015,Dec,5482
SCC,2015,Dec,4377
SOL,2015,Dec,3858
SQ,2015,Dec,3717
SVSP,2015,Dec,3662
VSP,2015,Dec,3494
WSP,2015,Dec,4805
ASP,2016,Jan,3299
CAL,2016,Jan,3815
CCC,2016,Jan,3884
CCI,2016,Jan,3564
CEN,2016,Jan,3366
CHCF,2016,Jan,2175
CIM,2016,Jan,3463
CMC,2016,Jan,4061
CMF,2016,Jan,2523
COR,2016,Jan,4122
CRC,2016,Jan,2900
CTF,2016,Jan,5071
CVSP,2016,Jan,2353
DVI,2016,Jan,2663
FOL,2016,Jan,2364
HDSP,2016,Jan,3553
ISP,2016,Jan,3471
KVSP,2016,Jan,3935
LAC,2016,Jan,3553
MCSP,2016,Jan,2808
NKSP,2016,Jan,4141
PBSP,2016,Jan,2284
PVSP,2016,Jan,3127
RJD,2016,Jan,3213
SAC,2016,Jan,2280
SATF,2016,Jan,5369
SCC,2016,Jan,4329
SOL,2016,Jan,3836
SQ,2016,Jan,3780
SVSP,2016,Jan,3663
VSP,2016,Jan,3386
WSP,2016,Jan,4849
ASP,2016,Feb,3292
CAL,2016,Feb,3775
CCC,2016,Feb,3891
CCI,2016,Feb,3421
CEN,2016,Feb,3544
CHCF,2016,Feb,2198
CIM,2016,Feb,3501
CMC,2016,Feb,4065
CMF,2016,Feb,2533
COR,2016,Feb,4131
CRC,2016,Feb,2991
CTF,2016,Feb,5029
CVSP,2016,Feb,2409
DVI,2016,Feb,2359
FOL,2016,Feb,2428
HDSP,2016,Feb,3623
ISP,2016,Feb,3377
KVSP,2016,Feb,3927
LAC,2016,Feb,3520
MCSP,2016,Feb,2818
NKSP,2016,Feb,4132
PBSP,2016,Feb,2266
PVSP,2016,Feb,3160
RJD,2016,Feb,3163
SAC,2016,Feb,2313
SATF,2016,Feb,5285
SCC,2016,Feb,4337
SOL,2016,Feb,3844
SQ,2016,Feb,3854
SVSP,2016,Feb,3642
VSP,2016,Feb,3356
WSP,2016,Feb,5016
ASP,2016,Mar,3205
CAL,2016,Mar,3695
CCC,2016,Mar,3933
CCI,2016,Mar,3276
CEN,2016,Mar,3627
CHCF,2016,Mar,2215
CIM,2016,Mar,3444
CMC,2016,Mar,4095
CMF,2016,Mar,2595
COR,2016,Mar,4073
CRC,2016,Mar,3100
CTF,2016,Mar,5114
CVSP,2016,Mar,2406
DVI,2016,Mar,2056
FOL,2016,Mar,2483
HDSP,2016,Mar,3646
ISP,2016,Mar,3498
KVSP,2016,Mar,3941
LAC,2016,Mar,3539
MCSP,2016,Mar,2822
NKSP,2016,Mar,4353
PBSP,2016,Mar,2211
PVSP,2016,Mar,3222
RJD,2016,Mar,3131
SAC,2016,Mar,2405
SATF,2016,Mar,5097
SCC,2016,Mar,4384
SOL,2016,Mar,3824
SQ,2016,Mar,3986
SVSP,2016,Mar,3681
VSP,2016,Mar,3466
WSP,2016,Mar,5012
ASP,2016,Apr,3202
CAL,2016,Apr,3680
CCC,2016,Apr,3880
CCI,2016,Apr,3202
CEN,2016,Apr,3567
CHCF,2016,Apr,2223
CIM,2016,Apr,3534
CMC,2016,Apr,4129
CMF,2016,Apr,2605
COR,2016,Apr,3870
CRC,2016,Apr,3134
CTF,2016,Apr,5222
CVSP,2016,Apr,2435
DVI,2016,Apr,2211
FOL,2016,Apr,2567
HDSP,2016,Apr,3664
ISP,2016,Apr,3379
KVSP,2016,Apr,4017
LAC,2016,Apr,3549
MCSP,2016,Apr,2982
NKSP,2016,Apr,4408
PBSP,2016,Apr,2165
PVSP,2016,Apr,3248
RJD,2016,Apr,3163
SAC,2016,Apr,2404
SATF,2016,Apr,5060
SCC,2016,Apr,4325
SOL,2016,Apr,3798
SQ,2016,Apr,3926
SVSP,2016,Apr,3593
VSP,2016,Apr,3449
WSP,2016,Apr,5036
ASP,2016,May,3242
CAL,2016,May,3778
CCC,2016,May,3835
CCI,2016,May,3108
CEN,2016,May,3576
CHCF,2016,May,2237
CIM,2016,May,3626
CMC,2016,May,4123
CMF,2016,May,2576
COR,2016,May,3747
CRC,2016,May,3140
CTF,2016,May,5098
CVSP,2016,May,2397
DVI,2016,May,2301
FOL,2016,May,2563
HDSP,2016,May,3696
ISP,2016,May,3274
KVSP,2016,May,4018
LAC,2016,May,3523
MCSP,2016,May,3129
NKSP,2016,May,4410
PBSP,2016,May,2170
PVSP,2016,May,3234
RJD,2016,May,3123
SAC,2016,May,2387
SATF,2016,May,5268
SCC,2016,May,4344
SOL,2016,May,3818
SQ,2016,May,4031
SVSP,2016,May,3740
VSP,2016,May,3403
WSP,2016,May,4768
ASP,2016,Jun,3236
CAL,2016,Jun,3777
CCC,2016,Jun,3799
CCI,2016,Jun,3150
CEN,2016,Jun,3579
CHCF,2016,Jun,2230
CIM,2016,Jun,3640
CMC,2016,Jun,4118
CMF,2016,Jun,2588
COR,2016,Jun,3607
CRC,2016,Jun,3165
CTF,2016,Jun,5042
CVSP,2016,Jun,2349
DVI,2016,Jun,2341
FOL,2016,Jun,2588
HDSP,2016,Jun,3701
ISP,2016,Jun,3246
KVSP,2016,Jun,3960
LAC,2016,Jun,3529
MCSP,2016,Jun,3408
NKSP,2016,Jun,4235
PBSP,2016,Jun,2274
PVSP,2016,Jun,3219
RJD,2016,Jun,3078
SAC,2016,Jun,2387
SATF,2016,Jun,5275
SCC,2016,Jun,4344
SOL,2016,Jun,3845
SQ,2016,Jun,4108
SVSP,2016,Jun,3711
VSP,2016,Jun,3394
WSP,2016,Jun,5105
ASP,2016,Jul,3221
CAL,2016,Jul,3772
CCC,2016,Jul,3795
CCI,2016,Jul,3300
CEN,2016,Jul,3661
CHCF,2016,Jul,2305
CIM,2016,Jul,3660
CMC,2016,Jul,4142
CMF,2016,Jul,2586
COR,2016,Jul,3379
CRC,2016,Jul,3179
CTF,2016,Jul,5076
CVSP,2016,Jul,2335
DVI,2016,Jul,2375
FOL,2016,Jul,2595
HDSP,2016,Jul,3746
ISP,2016,Jul,3178
KVSP,2016,Jul,3907
LAC,2016,Jul,3500
MCSP,2016,Jul,3486
NKSP,2016,Jul,4086
PBSP,2016,Jul,2343
PVSP,2016,Jul,3249
RJD,2016,Jul,3047
SAC,2016,Jul,2349
SATF,2016,Jul,5325
SCC,2016,Jul,4277
SOL,2016,Jul,3888
SQ,2016,Jul,4106
SVSP,2016,Jul,3759
VSP,2016,Jul,3405
WSP,2016,Jul,4853
ASP,2016,Aug,3243
CAL,2016,Aug,3776
CCC,2016,Aug,3988
CCI,2016,Aug,3430
CEN,2016,Aug,3641
CHCF,2016,Aug,2423
CIM,2016,Aug,3667
CMC,2016,Aug,4107
CMF,2016,Aug,2548
COR,2016,Aug,3275
CRC,2016,Aug,3053
CTF,2016,Aug,5170
CVSP,2016,Aug,2346
DVI,2016,Aug,2285
FOL,2016,Aug,2543
HDSP,2016,Aug,3814
ISP,2016,Aug,3161
KVSP,2016,Aug,3890
LAC,2016,Aug,3444
MCSP,2016,Aug,3502
NKSP,2016,Aug,4412
PBSP,2016,Aug,2349
PVSP,2016,Aug,3217
RJD,2016,Aug,3015
SAC,2016,Aug,2311
SATF,2016,Aug,5334
SCC,2016,Aug,4201
SOL,2016,Aug,3986
SQ,2016,Aug,3892
SVSP,2016,Aug,3751
VSP,2016,Aug,3402
WSP,2016,Aug,4989
ASP,2016,Sep,3262
CAL,2016,Sep,3866
CCC,2016,Sep,4041
CCI,2016,Sep,3589
CEN,2016,Sep,3629
CHCF,2016,Sep,2467
CIM,2016,Sep,3738
CMC,2016,Sep,4073
CMF,2016,Sep,2525
COR,2016,Sep,3242
CRC,2016,Sep,2925
CTF,2016,Sep,5177
CVSP,2016,Sep,2367
DVI,2016,Sep,2292
FOL,2016,Sep,2466
HDSP,2016,Sep,3759
ISP,2016,Sep,3273
KVSP,2016,Sep,3902
LAC,2016,Sep,3417
MCSP,2016,Sep,3522
NKSP,2016,Sep,4389
PBSP,2016,Sep,2254
PVSP,2016,Sep,3194
RJD,2016,Sep,3027
SAC,2016,Sep,2291
SATF,2016,Sep,5243
SCC,2016,Sep,4188
SOL,2016,Sep,4117
SQ,2016,Sep,3813
SVSP,2016,Sep,3742
VSP,2016,Sep,3506
WSP,2016,Sep,4889
ASP,2016,Oct,3261
CAL,2016,Oct,3886
CCC,2016,Oct,4124
CCI,2016,Oct,3629
CEN,2016,Oct,3676
CHCF,2016,Oct,2454
CIM,2016,Oct,3670
CMC,2016,Oct,4039
CMF,2016,Oct,2540
COR,2016,Oct,3311
CRC,2016,Oct,2828
CTF,2016,Oct,5272
CVSP,2016,Oct,2464
DVI,2016,Oct,2253
FOL,2016,Oct,2335
HDSP,2016,Oct,3742
ISP,2016,Oct,3128
KVSP,2016,Oct,3834
LAC,2016,Oct,3237
MCSP,2016,Oct,3515
NKSP,2016,Oct,4459
PBSP,2016,Oct,2244
PVSP,2016,Oct,3153
RJD,2016,Oct,3040
SAC,2016,Oct,2315
SATF,2016,Oct,5348
SCC,2016,Oct,4192
SOL,2016,Oct,4198
SQ,2016,Oct,3774
SVSP,2016,Oct,3747
VSP,2016,Oct,3514
WSP,2016,Oct,4864
ASP,2016,Nov,3355
CAL,2016,Nov,3880
CCC,2016,Nov,4172
CCI,2016,Nov,3653
CEN,2016,Nov,3646
CHCF,2016,Nov,2478
CIM,2016,Nov,3639
CMC,2016,Nov,4042
CMF,2016,Nov,2479
COR,2016,Nov,3346
CRC,2016,Nov,2771
CTF,2016,Nov,5423
CVSP,2016,Nov,2548
DVI,2016,Nov,2242
FOL,2016,Nov,2351
HDSP,2016,Nov,3735
ISP,2016,Nov,3022
KVSP,2016,Nov,3752
LAC,2016,Nov,3311
MCSP,2016,Nov,3522
NKSP,2016,Nov,4319
PBSP,2016,Nov,2209
PVSP,2016,Nov,3157
RJD,2016,Nov,3046
SAC,2016,Nov,2267
SATF,2016,Nov,5315
SCC,2016,Nov,4286
SOL,2016,Nov,4227
SQ,2016,Nov,3816
SVSP,2016,Nov,3634
VSP,2016,Nov,3564
WSP,2016,Nov,4880
ASP,2016,Dec,3356
CAL,2016,Dec,3859
CCC,2016,Dec,4157
CCI,2016,Dec,3698
CEN,2016,Dec,3604
CHCF,2016,Dec,2475
CIM,2016,Dec,3537
CMC,2016,Dec,4044
CMF,2016,Dec,2506
COR,2016,Dec,3383
CRC,2016,Dec,2713
CTF,2016,Dec,5345
CVSP,2016,Dec,2572
DVI,2016,Dec,2276
FOL,2016,Dec,2460
HDSP,2016,Dec,3712
ISP,2016,Dec,3039
KVSP,2016,Dec,3701
LAC,2016,Dec,3363
MCSP,2016,Dec,3545
NKSP,2016,Dec,4532
PBSP,2016,Dec,2145
PVSP,2016,Dec,3184
RJD,2016,Dec,3060
SAC,2016,Dec,2243
SATF,2016,Dec,5421
SCC,2016,Dec,4285
SOL,2016,Dec,4206
SQ,2016,Dec,3774
SVSP,2016,Dec,3693
VSP,2016,Dec,3524
WSP,2016,Dec,4879
ASP,2017,Jan,3346
CAL,2017,Jan,3813
CCC,2017,Jan,4186
CCI,2017,Jan,3697
CEN,2017,Jan,3584
CHCF,2017,Jan,2486
CIM,2017,Jan,3506
CMC,2017,Jan,3944
CMF,2017,Jan,2474
COR,2017,Jan,3466
CRC,2017,Jan,2687
CTF,2017,Jan,5276
CVSP,2017,Jan,2542
DVI,2017,Jan,2182
FOL,2017,Jan,2456
HDSP,2017,Jan,3692
ISP,2017,Jan,3025
KVSP,2017,Jan,3741
LAC,2017,Jan,3414
MCSP,2017,Jan,3592
NKSP,2017,Jan,4430
PBSP,2017,Jan,2112
PVSP,2017,Jan,3179
RJD,2017,Jan,3246
SAC,2017,Jan,2231
SATF,2017,Jan,5494
SCC,2017,Jan,4231
SOL,2017,Jan,4185
SQ,2017,Jan,3908
SVSP,2017,Jan,3407
VSP,2017,Jan,3448
WSP,2017,Jan,4995
ASP,2017,Feb,3419
CAL,2017,Feb,3793
CCC,2017,Feb,4305
CCI,2017,Feb,3812
CEN,2017,Feb,3609
CHCF,2017,Feb,2437
CIM,2017,Feb,3531
CMC,2017,Feb,3871
CMF,2017,Feb,2550
COR,2017,Feb,3442
CRC,2017,Feb,2724
CTF,2017,Feb,5250
CVSP,2017,Feb,2586
DVI,2017,Feb,2160
FOL,2017,Feb,2431
HDSP,2017,Feb,3692
ISP,2017,Feb,3066
KVSP,2017,Feb,3738
LAC,2017,Feb,3396
MCSP,2017,Feb,3631
NKSP,2017,Feb,4650
PBSP,2017,Feb,2106
PVSP,2017,Feb,3188
RJD,2017,Feb,3501
SAC,2017,Feb,2197
SATF,2017,Feb,5544
SCC,2017,Feb,4161
SOL,2017,Feb,4135
SQ,2017,Feb,3714
SVSP,2017,Feb,3373
VSP,2017,Feb,3396
WSP,2017,Feb,5059
ASP,2017,Mar,3629
CAL,2017,Mar,3819
CCC,2017,Mar,4277
CCI,2017,Mar,3875
CEN,2017,Mar,3631
CHCF,2017,Mar,2404
CIM,2017,Mar,3525
CMC,2017,Mar,3855
CMF,2017,Mar,2566
COR,2017,Mar,3324
CRC,2017,Mar,2735
CTF,2017,Mar,5216
CVSP,2017,Mar,2640
DVI,2017,Mar,2272
FOL,2017,Mar,2464
HDSP,2017,Mar,3647
ISP,2017,Mar,3023
KVSP,2017,Mar,3684
LAC,2017,Mar,3423
MCSP,2017,Mar,3648
NKSP,2017,Mar,4703
PBSP,2017,Mar,2068
PVSP,2017,Mar,3154
RJD,2017,Mar,3681
SAC,2017,Mar,2284
SATF,2017,Mar,5644
SCC,2017,Mar,4134
SOL,2017,Mar,4073
SQ,2017,Mar,3811
SVSP,2017,Mar,3476
VSP,2017,Mar,3382
WSP,2017,Mar,5149
ASP,2017,Apr,3649
CAL,2017,Apr,3850
CCC,2017,Apr,4272
CCI,2017,Apr,3867
CEN,2017,Apr,3571
CHCF,2017,Apr,2361
CIM,2017,Apr,3514
CMC,2017,Apr,3867
CMF,2017,Apr,2526
COR,2017,Apr,3259
CRC,2017,Apr,2691
CTF,2017,Apr,5128
CVSP,2017,Apr,2651
DVI,2017,Apr,2313
FOL,2017,Apr,2571
HDSP,2017,Apr,3691
ISP,2017,Apr,3021
KVSP,2017,Apr,3674
LAC,2017,Apr,3298
MCSP,2017,Apr,3611
NKSP,2017,Apr,4633
PBSP,2017,Apr,2032
PVSP,2017,Apr,3146
RJD,2017,Apr,3746
SAC,2017,Apr,2301
SATF,2017,Apr,5571
SCC,2017,Apr,4223
SOL,2017,Apr,4005
SQ,2017,Apr,3805
SVSP,2017,Apr,3612
VSP,2017,Apr,3470
WSP,2017,Apr,5233
ASP,2017,May,3675
CAL,2017,May,3877
CCC,2017,May,4247
CCI,2017,May,3771
CEN,2017,May,3536
CHCF,2017,May,2379
CIM,2017,May,3532
CMC,2017,May,3882
CMF,2017,May,2520
COR,2017,May,3028
CRC,2017,May,2648
CTF,2017,May,5081
CVSP,2017,May,2734
DVI,2017,May,2416
FOL,2017,May,2612
HDSP,2017,May,3791
ISP,2017,May,3030
KVSP,2017,May,3713
LAC,2017,May,3320
MCSP,2017,May,3597
NKSP,2017,May,4618
PBSP,2017,May,2023
PVSP,2017,May,3192
RJD,2017,May,3826
SAC,2017,May,2322
SATF,2017,May,5654
SCC,2017,May,4150
SOL,2017,May,3916
SQ,2017,May,3954
SVSP,2017,May,3619
VSP,2017,May,3543
WSP,2017,May,5281
ASP,2017,Jun,3724
CAL,2017,Jun,3823
CCC,2017,Jun,4122
CCI,2017,Jun,3806
CEN,2017,Jun,3557
CHCF,2017,Jun,2414
CIM,2017,Jun,3642
CMC,2017,Jun,4020
CMF,2017,Jun,2518
COR,2017,Jun,3069
CRC,2017,Jun,2664
CTF,2017,Jun,5078
CVSP,2017,Jun,2789
DVI,2017,Jun,2400
FOL,2017,Jun,2645
HDSP,2017,Jun,3729
ISP,2017,Jun,3075
KVSP,2017,Jun,3661
LAC,2017,Jun,3379
MCSP,2017,Jun,3626
NKSP,2017,Jun,4654
PBSP,2017,Jun,2047
PVSP,2017,Jun,3087
RJD,2017,Jun,3840
SAC,2017,Jun,2305
SATF,2017,Jun,5650
SCC,2017,Jun,4219
SOL,2017,Jun,3879
SQ,2017,Jun,4004
SVSP,2017,Jun,3592
VSP,2017,Jun,3557
WSP,2017,Jun,5237
ASP,2017,Jul,3706
CAL,2017,Jul,3759
CCC,2017,Jul,4081
CCI,2017,Jul,3798
CEN,2017,Jul,3423
CHCF,2017,Jul,2401
CIM,2017,Jul,3687
CMC,2017,Jul,4081
CMF,2017,Jul,2517
COR,2017,Jul,3208
CRC,2017,Jul,2654
CTF,2017,Jul,5086
CVSP,2017,Jul,2812
DVI,2017,Jul,2487
FOL,2017,Jul,2613
HDSP,2017,Jul,3579
ISP,2017,Jul,3138
KVSP,2017,Jul,3626
LAC,2017,Jul,3366
MCSP,2017,Jul,3628
NKSP,2017,Jul,4614
PBSP,2017,Jul,2068
PVSP,2017,Jul,2987
RJD,2017,Jul,3813
SAC,2017,Jul,2302
SATF,2017,Jul,5708
SCC,2017,Jul,4181
SOL,2017,Jul,3818
SQ,2017,Jul,4102
SVSP,2017,Jul,3535
VSP,2017,Jul,3496
WSP,2017,Jul,5283
ASP,2017,Aug,3833
CAL,2017,Aug,3728
CCC,2017,Aug,4179
CCI,2017,Aug,3846
CEN,2017,Aug,3453
CHCF,2017,Aug,2374
CIM,2017,Aug,3643
CMC,2017,Aug,4181
CMF,2017,Aug,2557
COR,2017,Aug,3227
CRC,2017,Aug,2641
CTF,2017,Aug,5117
CVSP,2017,Aug,2807
DVI,2017,Aug,2430
FOL,2017,Aug,2576
HDSP,2017,Aug,3548
ISP,2017,Aug,3192
KVSP,2017,Aug,3612
LAC,2017,Aug,3437
MCSP,2017,Aug,3681
NKSP,2017,Aug,4541
PBSP,2017,Aug,2182
PVSP,2017,Aug,2966
RJD,2017,Aug,3876
SAC,2017,Aug,2200
SATF,2017,Aug,5662
SCC,2017,Aug,4358
SOL,2017,Aug,3773
SQ,2017,Aug,4087
SVSP,2017,Aug,3546
VSP,2017,Aug,3474
WSP,2017,Aug,5097
ASP,2017,Sep,3878
CAL,2017,Sep,3738
CCC,2017,Sep,4270
CCI,2017,Sep,3843
CEN,2017,Sep,3479
CHCF,2017,Sep,2320
CIM,2017,Sep,3653
CMC,2017,Sep,4066
CMF,2017,Sep,2537
COR,2017,Sep,3148
CRC,2017,Sep,2662
CTF,2017,Sep,4987
CVSP,2017,Sep,2802
DVI,2017,Sep,2433
FOL,2017,Sep,2554
HDSP,2017,Sep,3581
ISP,2017,Sep,3150
KVSP,2017,Sep,3680
LAC,2017,Sep,3462
MCSP,2017,Sep,3700
NKSP,2017,Sep,4525
PBSP,2017,Sep,2304
PVSP,2017,Sep,2924
RJD,2017,Sep,3921
SAC,2017,Sep,2176
SATF,2017,Sep,5748
SCC,2017,Sep,4470
SOL,2017,Sep,3700
SQ,2017,Sep,4060
SVSP,2017,Sep,3552
VSP,2017,Sep,3554
WSP,2017,Sep,5114
ASP,2017,Oct,3862
CAL,2017,Oct,3748
CCC,2017,Oct,4336
CCI,2017,Oct,3788
CEN,2017,Oct,3506
CHCF,2017,Oct,2317
CIM,2017,Oct,3589
CMC,2017,Oct,4133
CMF,2017,Oct,2592
COR,2017,Oct,3109
CRC,2017,Oct,2552
CTF,2017,Oct,4990
CVSP,2017,Oct,2814
DVI,2017,Oct,2283
FOL,2017,Oct,2462
HDSP,2017,Oct,3490
ISP,2017,Oct,3018
KVSP,2017,Oct,3692
LAC,2017,Oct,3429
MCSP,2017,Oct,3737
NKSP,2017,Oct,4555
PBSP,2017,Oct,2444
PVSP,2017,Oct,2840
RJD,2017,Oct,3948
SAC,2017,Oct,2148
SATF,2017,Oct,5773
SCC,2017,Oct,4449
SOL,2017,Oct,3716
SQ,2017,Oct,4075
SVSP,2017,Oct,3508
VSP,2017,Oct,3549
WSP,2017,Oct,5074
ASP,2017,Nov,3882
CAL,2017,Nov,3732
CCC,2017,Nov,4430
CCI,2017,Nov,3824
CEN,2017,Nov,3480
CHCF,2017,Nov,2383
CIM,2017,Nov,3517
CMC,2017,Nov,4098
CMF,2017,Nov,2569
COR,2017,Nov,3034
CRC,2017,Nov,2621
CTF,2017,Nov,5058
CVSP,2017,Nov,2858
DVI,2017,Nov,2184
FOL,2017,Nov,2467
HDSP,2017,Nov,3446
ISP,2017,Nov,2990
KVSP,2017,Nov,3719
LAC,2017,Nov,3379
MCSP,2017,Nov,3885
NKSP,2017,Nov,4377
PBSP,2017,Nov,2519
PVSP,2017,Nov,2826
RJD,2017,Nov,3918
SAC,2017,Nov,2091
SATF,2017,Nov,5687
SCC,2017,Nov,4381
SOL,2017,Nov,3754
SQ,2017,Nov,4035
SVSP,2017,Nov,3568
VSP,2017,Nov,3582
WSP,2017,Nov,5000
ASP,2017,Dec,4103
CAL,2017,Dec,3744
CCC,2017,Dec,4381
CCI,2017,Dec,3495
CEN,2017,Dec,3426
CHCF,2017,Dec,2436
CIM,2017,Dec,3553
CMC,2017,Dec,3989
CMF,2017,Dec,2553
COR,2017,Dec,2965
CRC,2017,Dec,2578
CTF,2017,Dec,5090
CVSP,2017,Dec,2864
DVI,2017,Dec,2180
FOL,2017,Dec,2450
HDSP,2017,Dec,3422
ISP,2017,Dec,2960
KVSP,2017,Dec,3677
LAC,2017,Dec,3383
MCSP,2017,Dec,4024
NKSP,2017,Dec,4365
PBSP,2017,Dec,2572
PVSP,2017,Dec,2877
RJD,2017,Dec,3887
SAC,2017,Dec,2069
SATF,2017,Dec,5667
SCC,2017,Dec,4322
SOL,2017,Dec,3716
SQ,2017,Dec,3921
SVSP,2017,Dec,3597
VSP,2017,Dec,3604
WSP,2017,Dec,4991
ASP,2018,Jan,4157
CAL,2018,Jan,3699
CCC,2018,Jan,4443
CCI,2018,Jan,3381
CEN,2018,Jan,3346
CHCF,2018,Jan,2480
CIM,2018,Jan,3503
CMC,2018,Jan,3936
CMF,2018,Jan,2475
COR,2018,Jan,3069
CRC,2018,Jan,2547
CTF,2018,Jan,5139
CVSP,2018,Jan,2885
DVI,2018,Jan,2166
FOL,2018,Jan,2426
HDSP,2018,Jan,3415
ISP,2018,Jan,2805
KVSP,2018,Jan,3592
LAC,2018,Jan,3344
MCSP,2018,Jan,4082
NKSP,2018,Jan,4320
PBSP,2018,Jan,2617
PVSP,2018,Jan,2867
RJD,2018,Jan,3874
SAC,2018,Jan,2122
SATF,2018,Jan,5621
SCC,2018,Jan,4275
SOL,2018,Jan,3765
SQ,2018,Jan,3837
SVSP,2018,Jan,3547
VSP,2018,Jan,3565
WSP,2018,Jan,4971
ASP,2018,Feb,4237
CAL,2018,Feb,3685
CCC,2018,Feb,4468
CCI,2018,Feb,3350
CEN,2018,Feb,3318
CHCF,2018,Feb,2562
CIM,2018,Feb,3547
CMC,2018,Feb,3894
CMF,2018,Feb,2400
COR,2018,Feb,3112
CRC,2018,Feb,2502
CTF,2018,Feb,5235
CVSP,2018,Feb,2902
DVI,2018,Feb,2219
FOL,2018,Feb,2396
HDSP,2018,Feb,3477
ISP,2018,Feb,2822
KVSP,2018,Feb,3439
LAC,2018,Feb,3273
MCSP,2018,Feb,4127
NKSP,2018,Feb,4261
PBSP,2018,Feb,2657
PVSP,2018,Feb,2887
RJD,2018,Feb,3885
SAC,2018,Feb,2163
SATF,2018,Feb,5743
SCC,2018,Feb,4269
SOL,2018,Feb,3766
SQ,2018,Feb,3746
SVSP,2018,Feb,3490
VSP,2018,Feb,3517
WSP,2018,Feb,4969
ASP,2018,Mar,4281
CAL,2018,Mar,3659
CCC,2018,Mar,4530
CCI,2018,Mar,3292
CEN,2018,Mar,3377
CHCF,2018,Mar,2616
CIM,2018,Mar,3608
CMC,2018,Mar,3845
CMF,2018,Mar,2365
COR,2018,Mar,3140
CRC,2018,Mar,2502
CTF,2018,Mar,5333
CVSP,2018,Mar,3009
DVI,2018,Mar,2244
FOL,2018,Mar,2392
HDSP,2018,Mar,3480
ISP,2018,Mar,2825
KVSP,2018,Mar,3416
LAC,2018,Mar,3234
MCSP,2018,Mar,4185
NKSP,2018,Mar,4230
PBSP,2018,Mar,2682
PVSP,2018,Mar,2877
RJD,2018,Mar,3905
SAC,2018,Mar,2169
SATF,2018,Mar,5842
SCC,2018,Mar,4289
SOL,2018,Mar,3865
SQ,2018,Mar,3619
SVSP,2018,Mar,3439
VSP,2018,Mar,3500
WSP,2018,Mar,5090
ASP,2018,Apr,4251
CAL,2018,Apr,3637
CCC,2018,Apr,4536
CCI,2018,Apr,3232
CEN,2018,Apr,3388
CHCF,2018,Apr,2631
CIM,2018,Apr,3492
CMC,2018,Apr,3807
CMF,2018,Apr,2401
COR,2018,Apr,3172
CRC,2018,Apr,2452
CTF,2018,Apr,5289
CVSP,2018,Apr,3018
DVI,2018,Apr,2319
FOL,2018,Apr,2378
HDSP,2018,Apr,3460
ISP,2018,Apr,2887
KVSP,2018,Apr,3394
LAC,2018,Apr,3206
MCSP,2018,Apr,4223
NKSP,2018,Apr,4546
PBSP,2018,Apr,2678
PVSP,2018,Apr,2889
RJD,2018,Apr,3903
SAC,2018,Apr,2148
SATF,2018,Apr,5980
SCC,2018,Apr,4207
SOL,2018,Apr,3929
SQ,2018,Apr,3543
SVSP,2018,Apr,3353
VSP,2018,Apr,3511
WSP,2018,Apr,4848
ASP,2018,May,4321
CAL,2018,May,3629
CCC,2018,May,4608
CCI,2018,May,3252
CEN,2018,May,3398
CHCF,2018,May,2664
CIM,2018,May,3580
CMC,2018,May,3807
CMF,2018,May,2450
COR,2018,May,3152
CRC,2018,May,2391
CTF,2018,May,5306
CVSP,2018,May,2980
DVI,2018,May,2198
FOL,2018,May,2351
HDSP,2018,May,3429
ISP,2018,May,2944
KVSP,2018,May,3445
LAC,2018,May,3205
MCSP,2018,May,4256
NKSP,2018,May,4511
PBSP,2018,May,2664
PVSP,2018,May,2898
RJD,2018,May,3873
SAC,2018,May,2182
SATF,2018,May,6006
SCC,2018,May,4266
SOL,2018,May,3952
SQ,2018,May,3905
SVSP,2018,May,3264
VSP,2018,May,3507
WSP,2018,May,4938
ASP,2018,Jun,4326
CAL,2018,Jun,3618
CCC,2018,Jun,4711
CCI,2018,Jun,3331
CEN,2018,Jun,3379
CHCF,2018,Jun,2683
CIM,2018,Jun,3633
CMC,2018,Jun,3911
CMF,2018,Jun,2448
COR,2018,Jun,3199
CRC,2018,Jun,2420
CTF,2018,Jun,5310
CVSP,2018,Jun,2946
DVI,2018,Jun,2206
FOL,2018,Jun,2301
HDSP,2018,Jun,3420
ISP,2018,Jun,2904
KVSP,2018,Jun,3526
LAC,2018,Jun,3122
MCSP,2018,Jun,4301
NKSP,2018,Jun,4310
PBSP,2018,Jun,2641
PVSP,2018,Jun,2966
RJD,2018,Jun,3915
SAC,2018,Jun,2155
SATF,2018,Jun,5926
SCC,2018,Jun,4252
SOL,2018,Jun,3993
SQ,2018,Jun,4134
SVSP,2018,Jun,3190
VSP,2018,Jun,3487
WSP,2018,Jun,5030
ASP,2018,Jul,4326
CAL,2018,Jul,3566
CCC,2018,Jul,4727
CCI,2018,Jul,3339
CEN,2018,Jul,3346
CHCF,2018,Jul,2719
CIM,2018,Jul,3730
CMC,2018,Jul,3894
CMF,2018,Jul,2400
COR,2018,Jul,3232
CRC,2018,Jul,2469
CTF,2018,Jul,5335
CVSP,2018,Jul,2904
DVI,2018,Jul,2037
FOL,2018,Jul,2371
HDSP,2018,Jul,3464
ISP,2018,Jul,3065
KVSP,2018,Jul,3555
LAC,2018,Jul,3172
MCSP,2018,Jul,4208
NKSP,2018,Jul,4378
PBSP,2018,Jul,2624
PVSP,2018,Jul,3028
RJD,2018,Jul,3895
SAC,2018,Jul,2156
SATF,2018,Jul,5853
SCC,2018,Jul,4253
SOL,2018,Jul,4044
SQ,2018,Jul,4408
SVSP,2018,Jul,3166
VSP,2018,Jul,3459
WSP,2018,Jul,4994
ASP,2018,Aug,4346
CAL,2018,Aug,3457
CCC,2018,Aug,4888
CCI,2018,Aug,3410
CEN,2018,Aug,3354
CHCF,2018,Aug,2704
CIM,2018,Aug,3815
CMC,2018,Aug,4021
CMF,2018,Aug,2384
COR,2018,Aug,3171
CRC,2018,Aug,2491
CTF,2018,Aug,5287
CVSP,2018,Aug,2927
DVI,2018,Aug,1929
FOL,2018,Aug,2432
HDSP,2018,Aug,3396
ISP,2018,Aug,3114
KVSP,2018,Aug,3652
LAC,2018,Aug,3164
MCSP,2018,Aug,4161
NKSP,2018,Aug,4139
PBSP,2018,Aug,2611
PVSP,2018,Aug,3123
RJD,2018,Aug,3983
SAC,2018,Aug,2138
SATF,2018,Aug,5852
SCC,2018,Aug,4290
SOL,2018,Aug,4073
SQ,2018,Aug,4406
SVSP,2018,Aug,3244
VSP,2018,Aug,3572
WSP,2018,Aug,4804
ASP,2018,Sep,4294
CAL,2018,Sep,3447
CCC,2018,Sep,4886
CCI,2018,Sep,3600
CEN,2018,Sep,3408
CHCF,2018,Sep,2700
CIM,2018,Sep,3781
CMC,2018,Sep,3948
CMF,2018,Sep,2393
COR,2018,Sep,3193
CRC,2018,Sep,2437
CTF,2018,Sep,5317
CVSP,2018,Sep,2910
DVI,2018,Sep,1847
FOL,2018,Sep,2552
HDSP,2018,Sep,3343
ISP,2018,Sep,3047
KVSP,2018,Sep,3653
LAC,2018,Sep,3162
MCSP,2018,Sep,4111
NKSP,2018,Sep,4003
PBSP,2018,Sep,2576
PVSP,2018,Sep,3249
RJD,2018,Sep,3951
SAC,2018,Sep,2075
SATF,2018,Sep,5819
SCC,2018,Sep,4291
SOL,2018,Sep,4110
SQ,2018,Sep,4365
SVSP,2018,Sep,3313
VSP,2018,Sep,3578
WSP,2018,Sep,4702
ASP,2018,Oct,4306
CAL,2018,Oct,3440
CCC,2018,Oct,4787
CCI,2018,Oct,3797
CEN,2018,Oct,3420
CHCF,2018,Oct,2685
CIM,2018,Oct,3529
CMC,2018,Oct,3853
CMF,2018,Oct,2367
COR,2018,Oct,3231
CRC,2018,Oct,2113
CTF,2018,Oct,5329
CVSP,2018,Oct,2759
DVI,2018,Oct,1926
FOL,2018,Oct,2685
HDSP,2018,Oct,3301
ISP,2018,Oct,3062
KVSP,2018,Oct,3681
LAC,2018,Oct,3172
MCSP,2018,Oct,4025
NKSP,2018,Oct,4105
PBSP,2018,Oct,2548
PVSP,2018,Oct,3266
RJD,2018,Oct,3912
SAC,2018,Oct,2039
SATF,2018,Oct,5678
SCC,2018,Oct,4308
SOL,2018,Oct,4055
SQ,2018,Oct,4432
SVSP,2018,Oct,3328
VSP,2018,Oct,3481
WSP,2018,Oct,4982
ASP,2018,Nov,4247
CAL,2018,Nov,3490
CCC,2018,Nov,4607
CCI,2018,Nov,4000
CEN,2018,Nov,3428
CHCF,2018,Nov,2667
CIM,2018,Nov,3572
CMC,2018,Nov,3731
CMF,2018,Nov,2357
COR,2018,Nov,3332
CRC,2018,Nov,2262
CTF,2018,Nov,5167
CVSP,2018,Nov,2732
DVI,2018,Nov,2102
FOL,2018,Nov,2831
HDSP,2018,Nov,3325
ISP,2018,Nov,2987
KVSP,2018,Nov,3703
LAC,2018,Nov,3150
MCSP,2018,Nov,3995
NKSP,2018,Nov,4066
PBSP,2018,Nov,2570
PVSP,2018,Nov,3232
RJD,2018,Nov,3917
SAC,2018,Nov,2051
SATF,2018,Nov,5631
SCC,2018,Nov,4255
SOL,2018,Nov,4159
SQ,2018,Nov,4247
SVSP,2018,Nov,3388
VSP,2018,Nov,3297
WSP,2018,Nov,4721
ASP,2018,Dec,4192
CAL,2018,Dec,3472
CCC,2018,Dec,4411
CCI,2018,Dec,4074
CEN,2018,Dec,3374
CHCF,2018,Dec,2673
CIM,2018,Dec,3691
CMC,2018,Dec,3706
CMF,2018,Dec,2352
COR,2018,Dec,3241
CRC,2018,Dec,2420
CTF,2018,Dec,5155
CVSP,2018,Dec,2708
DVI,2018,Dec,2333
FOL,2018,Dec,2886
HDSP,2018,Dec,3328
ISP,2018,Dec,2838
KVSP,2018,Dec,3729
LAC,2018,Dec,3160
MCSP,2018,Dec,3963
NKSP,2018,Dec,4092
PBSP,2018,Dec,2555
PVSP,2018,Dec,3116
RJD,2018,Dec,3854
SAC,2018,Dec,2064
SATF,2018,Dec,5614
SCC,2018,Dec,4255
SOL,2018,Dec,4205
SQ,2018,Dec,4023
SVSP,2018,Dec,3362
VSP,2018,Dec,3238
WSP,2018,Dec,4735
ASP,2019,Jan,4110
CAL,2019,Jan,3490
CCC,2019,Jan,4197
CCI,2019,Jan,4059
CEN,2019,Jan,3391
CHCF,2019,Jan,2656
CIM,2019,Jan,3662
CMC,2019,Jan,3665
CMF,2019,Jan,2330
COR,2019,Jan,3291
CRC,2019,Jan,2314
CTF,2019,Jan,5250
CVSP,2019,Jan,2733
DVI,2019,Jan,2491
FOL,2019,Jan,2925
HDSP,2019,Jan,3240
ISP,2019,Jan,2691
KVSP,2019,Jan,3703
LAC,2019,Jan,3131
MCSP,2019,Jan,3993
NKSP,2019,Jan,4130
PBSP,2019,Jan,2578
PVSP,2019,Jan,3129
RJD,2019,Jan,3841
SAC,2019,Jan,2108
SATF,2019,Jan,5586
SCC,2019,Jan,4167
SOL,2019,Jan,4223
SQ,2019,Jan,3977
SVSP,2019,Jan,3353
VSP,2019,Jan,3186
WSP,2019,Jan,4520
ASP,2019,Feb,4133
CAL,2019,Feb,3551
CCC,2019,Feb,4120
CCI,2019,Feb,4000
CEN,2019,Feb,3450
CHCF,2019,Feb,2667
CIM,2019,Feb,3743
CMC,2019,Feb,3647
CMF,2019,Feb,2336
COR,2019,Feb,3346
CRC,2019,Feb,2445
CTF,2019,Feb,5426
CVSP,2019,Feb,2738
DVI,2019,Feb,2573
FOL,2019,Feb,2972
HDSP,2019,Feb,3179
ISP,2019,Feb,2584
KVSP,2019,Feb,3698
LAC,2019,Feb,3116
MCSP,2019,Feb,4021
NKSP,2019,Feb,4057
PBSP,2019,Feb,2559
PVSP,2019,Feb,3185
RJD,2019,Feb,3765
SAC,2019,Feb,2043
SATF,2019,Feb,5526
SCC,2019,Feb,4048
SOL,2019,Feb,4263
SQ,2019,Feb,3851
SVSP,2019,Feb,3429
VSP,2019,Feb,3124
WSP,2019,Feb,4501
ASP,2019,Mar,4043
CAL,2019,Mar,3546
CCC,2019,Mar,3984
CCI,2019,Mar,3930
CEN,2019,Mar,3488
CHCF,2019,Mar,2646
CIM,2019,Mar,3766
CMC,2019,Mar,3524
CMF,2019,Mar,2350
COR,2019,Mar,3351
CRC,2019,Mar,2617
CTF,2019,Mar,5447
CVSP,2019,Mar,2755
DVI,2019,Mar,2569
FOL,2019,Mar,2983
HDSP,2019,Mar,3224
ISP,2019,Mar,2578
KVSP,2019,Mar,3716
LAC,2019,Mar,3136
MCSP,2019,Mar,4051
NKSP,2019,Mar,4148
PBSP,2019,Mar,2553
PVSP,2019,Mar,3260
RJD,2019,Mar,3763
SAC,2019,Mar,2057
SATF,2019,Mar,5508
SCC,2019,Mar,4014
SOL,2019,Mar,4294
SQ,2019,Mar,3885
SVSP,2019,Mar,3408
VSP,2019,Mar,3068
WSP,2019,Mar,4788
ASP,2019,Apr,3989
CAL,2019,Apr,3538
CCC,2019,Apr,4018
CCI,2019,Apr,3891
CEN,2019,Apr,3513
CHCF,2019,Apr,2647
CIM,2019,Apr,3675
CMC,2019,Apr,3427
CMF,2019,Apr,2520
COR,2019,Apr,3235
CRC,2019,Apr,2753
CTF,2019,Apr,5551
CVSP,2019,Apr,2789
DVI,2019,Apr,2368
FOL,2019,Apr,3015
HDSP,2019,Apr,3187
ISP,2019,Apr,2642
KVSP,2019,Apr,3679
LAC,2019,Apr,3200
MCSP,2019,Apr,4088
NKSP,2019,Apr,3954
PBSP,2019,Apr,2588
PVSP,2019,Apr,3357
RJD,2019,Apr,3773
SAC,2019,Apr,2101
SATF,2019,Apr,5598
SCC,2019,Apr,4106
SOL,2019,Apr,4373
SQ,2019,Apr,3973
SVSP,2019,Apr,3337
VSP,2019,Apr,2962
WSP,2019,Apr,4992
ASP,2019,May,3775
CAL,2019,May,3506
CCC,2019,May,4050
CCI,2019,May,3858
CEN,2019,May,3531
CHCF,2019,May,2675
CIM,2019,May,3663
CMC,2019,May,3463
CMF,2019,May,2561
COR,2019,May,3192
CRC,2019,May,2890
CTF,2019,May,5571
CVSP,2019,May,2746
DVI,2019,May,2343
FOL,2019,May,3006
HDSP,2019,May,3128
ISP,2019,May,2626
KVSP,2019,May,3644
LAC,2019,May,3193
MCSP,2019,May,4054
NKSP,2019,May,4033
PBSP,2019,May,2600
PVSP,2019,May,3460
RJD,2019,May,3876
SAC,2019,May,2100
SATF,2019,May,5498
SCC,2019,May,3851
SOL,2019,May,4478
SQ,2019,May,4088
SVSP,2019,May,3189
VSP,2019,May,2907
WSP,2019,May,5011
ASP,2019,Jun,3744
CAL,2019,Jun,3493
CCC,2019,Jun,3853
CCI,2019,Jun,3739
CEN,2019,Jun,3515
CHCF,2019,Jun,2704
CIM,2019,Jun,3665
CMC,2019,Jun,3540
CMF,2019,Jun,2539
COR,2019,Jun,3179
CRC,2019,Jun,2933
CTF,2019,Jun,5492
CVSP,2019,Jun,2741
DVI,2019,Jun,2249
FOL,2019,Jun,2995
HDSP,2019,Jun,3127
ISP,2019,Jun,2693
KVSP,2019,Jun,3604
LAC,2019,Jun,3207
MCSP,2019,Jun,4035
NKSP,2019,Jun,4246
PBSP,2019,Jun,2663
PVSP,2019,Jun,3416
RJD,2019,Jun,3980
SAC,2019,Jun,2112
SATF,2019,Jun,5454
SCC,2019,Jun,3918
SOL,2019,Jun,4533
SQ,2019,Jun,4243
SVSP,2019,Jun,3148
VSP,2019,Jun,2885
WSP,2019,Jun,5023
ASP,2019,Jul,3751
CAL,2019,Jul,3474
CCC,2019,Jul,3964
CCI,2019,Jul,3678
CEN,2019,Jul,3495
CHCF,2019,Jul,2784
CIM,2019,Jul,3644
CMC,2019,Jul,3682
CMF,2019,Jul,2556
COR,2019,Jul,3161
CRC,2019,Jul,2958
CTF,2019,Jul,5414
CVSP,2019,Jul,2709
DVI,2019,Jul,2169
FOL,2019,Jul,2994
HDSP,2019,Jul,3130
ISP,2019,Jul,2681
KVSP,2019,Jul,3568
LAC,2019,Jul,3175
MCSP,2019,Jul,3970
NKSP,2019,Jul,4195
PBSP,2019,Jul,2625
PVSP,2019,Jul,3332
RJD,2019,Jul,4099
SAC,2019,Jul,2126
SATF,2019,Jul,5516
SCC,2019,Jul,4066
SOL,2019,Jul,4575
SQ,2019,Jul,4329
SVSP,2019,Jul,3143
VSP,2019,Jul,2845
WSP,2019,Jul,4906
ASP,2019,Aug,3778
CAL,2019,Aug,3449
CCC,2019,Aug,3648
CCI,2019,Aug,3709
CEN,2019,Aug,3530
CHCF,2019,Aug,2780
CIM,2019,Aug,3633
CMC,2019,Aug,3833
CMF,2019,Aug,2571
COR,2019,Aug,3182
CRC,2019,Aug,3054
CTF,2019,Aug,5329
CVSP,2019,Aug,2692
DVI,2019,Aug,2336
FOL,2019,Aug,2953
HDSP,2019,Aug,3321
ISP,2019,Aug,2740
KVSP,2019,Aug,3584
LAC,2019,Aug,3159
MCSP,2019,Aug,4008
NKSP,2019,Aug,4058
PBSP,2019,Aug,2616
PVSP,2019,Aug,3233
RJD,2019,Aug,4071
SAC,2019,Aug,2135
SATF,2019,Aug,5540
SCC,2019,Aug,4145
SOL,2019,Aug,4559
SQ,2019,Aug,4193
SVSP,2019,Aug,3051
VSP,2019,Aug,2855
WSP,2019,Aug,4979
ASP,2019,Sep,3885
CAL,2019,Sep,3442
CCC,2019,Sep,3640
CCI,2019,Sep,3779
CEN,2019,Sep,3544
CHCF,2019,Sep,2819
CIM,2019,Sep,3605
CMC,2019,Sep,3836
CMF,2019,Sep,2626
COR,2019,Sep,3212
CRC,2019,Sep,3284
CTF,2019,Sep,5273
CVSP,2019,Sep,2716
DVI,2019,Sep,2511
FOL,2019,Sep,2875
HDSP,2019,Sep,3190
ISP,2019,Sep,2738
KVSP,2019,Sep,3554
LAC,2019,Sep,3118
MCSP,2019,Sep,4009
NKSP,2019,Sep,4317
PBSP,2019,Sep,2616
PVSP,2019,Sep,3143
RJD,2019,Sep,4015
SAC,2019,Sep,2131
SATF,2019,Sep,5477
SCC,2019,Sep,4077
SOL,2019,Sep,4538
SQ,2019,Sep,4234
SVSP,2019,Sep,3015
VSP,2019,Sep,2856
WSP,2019,Sep,4825
ASP,2019,Oct,3999
CAL,2019,Oct,3384
CCC,2019,Oct,3757
CCI,2019,Oct,3749
CEN,2019,Oct,3566
CHCF,2019,Oct,2818
CIM,2019,Oct,3680
CMC,2019,Oct,3811
CMF,2019,Oct,2587
COR,2019,Oct,3225
CRC,2019,Oct,3481
CTF,2019,Oct,5215
CVSP,2019,Oct,2745
DVI,2019,Oct,2268
FOL,2019,Oct,2890
HDSP,2019,Oct,3201
ISP,2019,Oct,2839
KVSP,2019,Oct,3574
LAC,2019,Oct,3124
MCSP,2019,Oct,4051
NKSP,2019,Oct,4061
PBSP,2019,Oct,2644
PVSP,2019,Oct,3150
RJD,2019,Oct,3946
SAC,2019,Oct,2152
SATF,2019,Oct,5380
SCC,2019,Oct,4247
SOL,2019,Oct,4574
SQ,2019,Oct,4182
SVSP,2019,Oct,2931
VSP,2019,Oct,2867
WSP,2019,Oct,4818
ASP,2019,Nov,3990
CAL,2019,Nov,3292
CCC,2019,Nov,3831
CCI,2019,Nov,3720
CEN,2019,Nov,3606
CHCF,2019,Nov,2840
CIM,2019,Nov,3656
CMC,2019,Nov,3813
CMF,2019,Nov,2548
COR,2019,Nov,3147
CRC,2019,Nov,3540
CTF,2019,Nov,5194
CVSP,2019,Nov,2763
DVI,2019,Nov,2209
FOL,2019,Nov,2838
HDSP,2019,Nov,3164
ISP,2019,Nov,2844
KVSP,2019,Nov,3619
LAC,2019,Nov,3138
MCSP,2019,Nov,4027
NKSP,2019,Nov,4002
PBSP,2019,Nov,2600
PVSP,2019,Nov,3159
RJD,2019,Nov,3925
SAC,2019,Nov,2214
SATF,2019,Nov,5362
SCC,2019,Nov,4334
SOL,2019,Nov,4457
SQ,2019,Nov,4216
SVSP,2019,Nov,2963
VSP,2019,Nov,2904
WSP,2019,Nov,4780
ASP,2019,Dec,4036
CAL,2019,Dec,3189
CCC,2019,Dec,3803
CCI,2019,Dec,3694
CEN,2019,Dec,3550
CHCF,2019,Dec,2831
CIM,2019,Dec,3646
CMC,2019,Dec,3755
CMF,2019,Dec,2554
COR,2019,Dec,3141
CRC,2019,Dec,3573
CTF,2019,Dec,5095
CVSP,2019,Dec,2756
DVI,2019,Dec,2142
FOL,2019,Dec,2839
HDSP,2019,Dec,3110
ISP,2019,Dec,2840
KVSP,2019,Dec,3589
LAC,2019,Dec,3193
MCSP,2019,Dec,3989
NKSP,2019,Dec,4344
PBSP,2019,Dec,2598
PVSP,2019,Dec,3159
RJD,2019,Dec,3874
SAC,2019,Dec,2270
SATF,2019,Dec,5303
SCC,2019,Dec,4381
SOL,2019,Dec,4356
SQ,2019,Dec,4161
SVSP,2019,Dec,2946
VSP,2019,Dec,2951
WSP,2019,Dec,4828
