,Institution,Year,Month,Use of Force
0,ASP,2015,Jan,12
1,CAC,2015,Jan,1
2,CAL,2015,Jan,16
3,CCC,2015,Jan,15
4,CCI,2015,Jan,7
5,CCWF,2015,Jan,16
6,CEN,2015,Jan,10
7,CHCF,2015,Jan,16
8,CIM,2015,Jan,9
9,CIW,2015,Jan,14
10,CMC,2015,Jan,8
11,CMF,2015,Jan,12
12,COR,2015,Jan,18
13,CRC,2015,Jan,12
14,CTF,2015,Jan,3
15,CVSP,2015,Jan,2
16,DVI,2015,Jan,1
17,FSP,2015,Jan,7
18,HDSP,2015,Jan,20
19,ISP,2015,Jan,8
20,KVSP,2015,Jan,25
21,LAC,2015,Jan,32
22,MCSP,2015,Jan,18
23,NKSP,2015,Jan,14
24,PBSP,2015,Jan,4
25,PVSP,2015,Jan,17
26,RJD,2015,Jan,14
27,SAC,2015,Jan,39
28,SATF,2015,Jan,13
29,SCC,2015,Jan,7
30,SOL,2015,Jan,10
31,SQ,2015,Jan,8
32,SVSP,2015,Jan,40
33,VSPW,2015,Jan,0
34,WSP,2015,Jan,22
35,ASP,2016,Jan,3
36,CAC,2016,Jan,0
37,CAL,2016,Jan,22
38,CCC,2016,Jan,7
39,CCI,2016,Jan,17
40,CCWF,2016,Jan,7
41,CEN,2016,Jan,6
42,CHCF,2016,Jan,25
43,CIM,2016,Jan,8
44,CIW,2016,Jan,11
45,CMC,2016,Jan,10
46,CMF,2016,Jan,7
47,COR,2016,Jan,15
48,CRC,2016,Jan,11
49,CTF,2016,Jan,6
50,CVSP,2016,Jan,4
51,DVI,2016,Jan,9
52,FSP,2016,Jan,6
53,HDSP,2016,Jan,22
54,ISP,2016,Jan,10
55,KVSP,2016,Jan,28
56,LAC,2016,Jan,25
57,MCSP,2016,Jan,22
58,NKSP,2016,Jan,12
59,PBSP,2016,Jan,3
60,PVSP,2016,Jan,6
61,RJD,2016,Jan,15
62,SAC,2016,Jan,52
63,SATF,2016,Jan,14
64,SCC,2016,Jan,5
65,SOL,2016,Jan,10
66,SQ,2016,Jan,7
67,SVSP,2016,Jan,40
68,VSPW,2016,Jan,0
69,WSP,2016,Jan,17
70,ASP,2017,Jan,1
71,CAC,2017,Jan,2
72,CAL,2017,Jan,27
73,CCC,2017,Jan,6
74,CCI,2017,Jan,24
75,CCWF,2017,Jan,31
76,CEN,2017,Jan,10
77,CHCF,2017,Jan,25
78,CIM,2017,Jan,4
79,CIW,2017,Jan,11
80,CMC,2017,Jan,12
81,CMF,2017,Jan,15
82,COR,2017,Jan,51
83,CRC,2017,Jan,5
84,CTF,2017,Jan,3
85,CVSP,2017,Jan,3
86,DVI,2017,Jan,2
87,FSP,2017,Jan,9
88,HDSP,2017,Jan,12
89,ISP,2017,Jan,6
90,KVSP,2017,Jan,28
91,LAC,2017,Jan,39
92,MCSP,2017,Jan,25
93,NKSP,2017,Jan,20
94,PBSP,2017,Jan,10
95,PVSP,2017,Jan,7
96,RJD,2017,Jan,16
97,SAC,2017,Jan,48
98,SATF,2017,Jan,18
99,SCC,2017,Jan,9
100,SOL,2017,Jan,14
101,SQ,2017,Jan,12
102,SVSP,2017,Jan,51
103,VSPW,2017,Jan,0
104,WSP,2017,Jan,19
105,ASP,2018,Jan,7
106,CAC,2018,Jan,4
107,CAL,2018,Jan,23
108,CCC,2018,Jan,10
109,CCI,2018,Jan,33
110,CCWF,2018,Jan,20
111,CEN,2018,Jan,10
112,CHCF,2018,Jan,22
113,CIM,2018,Jan,7
114,CIW,2018,Jan,6
115,CMC,2018,Jan,14
116,CMF,2018,Jan,23
117,COR,2018,Jan,47
118,CRC,2018,Jan,5
119,CTF,2018,Jan,3
120,CVSP,2018,Jan,0
121,DVI,2018,Jan,15
122,FSP,2018,Jan,2
123,HDSP,2018,Jan,24
124,ISP,2018,Jan,4
125,KVSP,2018,Jan,49
126,LAC,2018,Jan,44
127,MCSP,2018,Jan,27
128,NKSP,2018,Jan,12
129,PBSP,2018,Jan,11
130,PVSP,2018,Jan,13
131,RJD,2018,Jan,29
132,SAC,2018,Jan,36
133,SATF,2018,Jan,16
134,SCC,2018,Jan,5
135,SOL,2018,Jan,10
136,SQ,2018,Jan,12
137,SVSP,2018,Jan,33
138,VSPW,2018,Jan,0
139,WSP,2018,Jan,22
140,ASP,2019,Jan,4
141,CAC,2019,Jan,4
142,CAL,2019,Jan,13
143,CCC,2019,Jan,11
144,CCI,2019,Jan,44
145,CCWF,2019,Jan,28
146,CEN,2019,Jan,8
147,CHCF,2019,Jan,26
148,CIM,2019,Jan,9
149,CIW,2019,Jan,6
150,CMC,2019,Jan,12
151,CMF,2019,Jan,11
152,COR,2019,Jan,57
153,CRC,2019,Jan,13
154,CTF,2019,Jan,5
155,CVSP,2019,Jan,2
156,DVI,2019,Jan,3
157,FSP,2019,Jan,10
158,HDSP,2019,Jan,28
159,ISP,2019,Jan,4
160,KVSP,2019,Jan,53
161,LAC,2019,Jan,51
162,MCSP,2019,Jan,21
163,NKSP,2019,Jan,19
164,PBSP,2019,Jan,14
165,PVSP,2019,Jan,21
166,RJD,2019,Jan,18
167,SAC,2019,Jan,55
168,SATF,2019,Jan,10
169,SCC,2019,Jan,9
170,SOL,2019,Jan,17
171,SQ,2019,Jan,17
172,SVSP,2019,Jan,51
173,VSPW,2019,Jan,4
174,WSP,2019,Jan,22
175,ASP,2015,Feb,0
176,CAC,2015,Feb,3
177,CAL,2015,Feb,24
178,CCC,2015,Feb,12
179,CCI,2015,Feb,12
180,CCWF,2015,Feb,12
181,CEN,2015,Feb,7
182,CHCF,2015,Feb,12
183,CIM,2015,Feb,5
184,CIW,2015,Feb,7
185,CMC,2015,Feb,7
186,CMF,2015,Feb,7
187,COR,2015,Feb,17
188,CRC,2015,Feb,3
189,CTF,2015,Feb,2
190,CVSP,2015,Feb,2
191,DVI,2015,Feb,12
192,FSP,2015,Feb,8
193,HDSP,2015,Feb,13
194,ISP,2015,Feb,4
195,KVSP,2015,Feb,32
196,LAC,2015,Feb,42
197,MCSP,2015,Feb,10
198,NKSP,2015,Feb,14
199,PBSP,2015,Feb,7
200,PVSP,2015,Feb,7
201,RJD,2015,Feb,19
202,SAC,2015,Feb,32
203,SATF,2015,Feb,15
204,SCC,2015,Feb,15
205,SOL,2015,Feb,12
206,SQ,2015,Feb,7
207,SVSP,2015,Feb,24
208,VSPW,2015,Feb,5
209,WSP,2015,Feb,17
210,ASP,2016,Feb,3
211,CAC,2016,Feb,1
212,CAL,2016,Feb,7
213,CCC,2016,Feb,7
214,CCI,2016,Feb,9
215,CCWF,2016,Feb,17
216,CEN,2016,Feb,7
217,CHCF,2016,Feb,16
218,CIM,2016,Feb,8
219,CIW,2016,Feb,26
220,CMC,2016,Feb,7
221,CMF,2016,Feb,9
222,COR,2016,Feb,30
223,CRC,2016,Feb,6
224,CTF,2016,Feb,2
225,CVSP,2016,Feb,0
226,DVI,2016,Feb,5
227,FSP,2016,Feb,4
228,HDSP,2016,Feb,22
229,ISP,2016,Feb,7
230,KVSP,2016,Feb,25
231,LAC,2016,Feb,28
232,MCSP,2016,Feb,23
233,NKSP,2016,Feb,15
234,PBSP,2016,Feb,21
235,PVSP,2016,Feb,6
236,RJD,2016,Feb,21
237,SAC,2016,Feb,48
238,SATF,2016,Feb,11
239,SCC,2016,Feb,10
240,SOL,2016,Feb,9
241,SQ,2016,Feb,5
242,SVSP,2016,Feb,48
243,VSPW,2016,Feb,5
244,WSP,2016,Feb,26
245,ASP,2017,Feb,5
246,CAC,2017,Feb,0
247,CAL,2017,Feb,19
248,CCC,2017,Feb,9
249,CCI,2017,Feb,26
250,CCWF,2017,Feb,32
251,CEN,2017,Feb,13
252,CHCF,2017,Feb,23
253,CIM,2017,Feb,7
254,CIW,2017,Feb,16
255,CMC,2017,Feb,13
256,CMF,2017,Feb,15
257,COR,2017,Feb,35
258,CRC,2017,Feb,2
259,CTF,2017,Feb,3
260,CVSP,2017,Feb,0
261,DVI,2017,Feb,9
262,FSP,2017,Feb,7
263,HDSP,2017,Feb,22
264,ISP,2017,Feb,2
265,KVSP,2017,Feb,36
266,LAC,2017,Feb,44
267,MCSP,2017,Feb,23
268,NKSP,2017,Feb,15
269,PBSP,2017,Feb,8
270,PVSP,2017,Feb,7
271,RJD,2017,Feb,22
272,SAC,2017,Feb,34
273,SATF,2017,Feb,20
274,SCC,2017,Feb,6
275,SOL,2017,Feb,13
276,SQ,2017,Feb,13
277,SVSP,2017,Feb,33
278,VSPW,2017,Feb,1
279,WSP,2017,Feb,23
280,ASP,2018,Feb,4
281,CAC,2018,Feb,4
282,CAL,2018,Feb,17
283,CCC,2018,Feb,6
284,CCI,2018,Feb,33
285,CCWF,2018,Feb,30
286,CEN,2018,Feb,14
287,CHCF,2018,Feb,22
288,CIM,2018,Feb,4
289,CIW,2018,Feb,17
290,CMC,2018,Feb,11
291,CMF,2018,Feb,18
292,COR,2018,Feb,46
293,CRC,2018,Feb,11
294,CTF,2018,Feb,6
295,CVSP,2018,Feb,4
296,DVI,2018,Feb,12
297,FSP,2018,Feb,9
298,HDSP,2018,Feb,22
299,ISP,2018,Feb,8
300,KVSP,2018,Feb,42
301,LAC,2018,Feb,45
302,MCSP,2018,Feb,17
303,NKSP,2018,Feb,12
304,PBSP,2018,Feb,15
305,PVSP,2018,Feb,8
306,RJD,2018,Feb,27
307,SAC,2018,Feb,40
308,SATF,2018,Feb,16
309,SCC,2018,Feb,4
310,SOL,2018,Feb,10
311,SQ,2018,Feb,17
312,SVSP,2018,Feb,47
313,VSPW,2018,Feb,2
314,WSP,2018,Feb,7
315,ASP,2019,Feb,2
316,CAC,2019,Feb,4
317,CAL,2019,Feb,20
318,CCC,2019,Feb,7
319,CCI,2019,Feb,33
320,CCWF,2019,Feb,18
321,CEN,2019,Feb,11
322,CHCF,2019,Feb,20
323,CIM,2019,Feb,5
324,CIW,2019,Feb,5
325,CMC,2019,Feb,9
326,CMF,2019,Feb,19
327,COR,2019,Feb,59
328,CRC,2019,Feb,5
329,CTF,2019,Feb,3
330,CVSP,2019,Feb,4
331,DVI,2019,Feb,16
332,FSP,2019,Feb,13
333,HDSP,2019,Feb,23
334,ISP,2019,Feb,6
335,KVSP,2019,Feb,59
336,LAC,2019,Feb,33
337,MCSP,2019,Feb,24
338,NKSP,2019,Feb,14
339,PBSP,2019,Feb,15
340,PVSP,2019,Feb,11
341,RJD,2019,Feb,17
342,SAC,2019,Feb,38
343,SATF,2019,Feb,19
344,SCC,2019,Feb,8
345,SOL,2019,Feb,12
346,SQ,2019,Feb,6
347,SVSP,2019,Feb,52
348,VSPW,2019,Feb,4
349,WSP,2019,Feb,14
350,ASP,2015,Mar,3
351,CAC,2015,Mar,2
352,CAL,2015,Mar,22
353,CCC,2015,Mar,11
354,CCI,2015,Mar,13
355,CCWF,2015,Mar,11
356,CEN,2015,Mar,11
357,CHCF,2015,Mar,18
358,CIM,2015,Mar,9
359,CIW,2015,Mar,8
360,CMC,2015,Mar,10
361,CMF,2015,Mar,6
362,COR,2015,Mar,26
363,CRC,2015,Mar,9
364,CTF,2015,Mar,6
365,CVSP,2015,Mar,4
366,DVI,2015,Mar,12
367,FSP,2015,Mar,5
368,HDSP,2015,Mar,28
369,ISP,2015,Mar,7
370,KVSP,2015,Mar,21
371,LAC,2015,Mar,37
372,MCSP,2015,Mar,23
373,NKSP,2015,Mar,18
374,PBSP,2015,Mar,6
375,PVSP,2015,Mar,11
376,RJD,2015,Mar,19
377,SAC,2015,Mar,57
378,SATF,2015,Mar,14
379,SCC,2015,Mar,7
380,SOL,2015,Mar,15
381,SQ,2015,Mar,3
382,SVSP,2015,Mar,39
383,VSPW,2015,Mar,3
384,WSP,2015,Mar,22
385,ASP,2016,Mar,6
386,CAC,2016,Mar,1
387,CAL,2016,Mar,18
388,CCC,2016,Mar,5
389,CCI,2016,Mar,14
390,CCWF,2016,Mar,9
391,CEN,2016,Mar,6
392,CHCF,2016,Mar,23
393,CIM,2016,Mar,4
394,CIW,2016,Mar,13
395,CMC,2016,Mar,9
396,CMF,2016,Mar,9
397,COR,2016,Mar,33
398,CRC,2016,Mar,3
399,CTF,2016,Mar,6
400,CVSP,2016,Mar,2
401,DVI,2016,Mar,9
402,FSP,2016,Mar,1
403,HDSP,2016,Mar,23
404,ISP,2016,Mar,9
405,KVSP,2016,Mar,36
406,LAC,2016,Mar,30
407,MCSP,2016,Mar,21
408,NKSP,2016,Mar,17
409,PBSP,2016,Mar,7
410,PVSP,2016,Mar,6
411,RJD,2016,Mar,26
412,SAC,2016,Mar,51
413,SATF,2016,Mar,21
414,SCC,2016,Mar,9
415,SOL,2016,Mar,9
416,SQ,2016,Mar,12
417,SVSP,2016,Mar,42
418,VSPW,2016,Mar,2
419,WSP,2016,Mar,25
420,ASP,2017,Mar,2
421,CAC,2017,Mar,2
422,CAL,2017,Mar,18
423,CCC,2017,Mar,9
424,CCI,2017,Mar,35
425,CCWF,2017,Mar,22
426,CEN,2017,Mar,17
427,CHCF,2017,Mar,20
428,CIM,2017,Mar,11
429,CIW,2017,Mar,11
430,CMC,2017,Mar,7
431,CMF,2017,Mar,32
432,COR,2017,Mar,42
433,CRC,2017,Mar,2
434,CTF,2017,Mar,4
435,CVSP,2017,Mar,1
436,DVI,2017,Mar,9
437,FSP,2017,Mar,5
438,HDSP,2017,Mar,13
439,ISP,2017,Mar,6
440,KVSP,2017,Mar,37
441,LAC,2017,Mar,48
442,MCSP,2017,Mar,25
443,NKSP,2017,Mar,12
444,PBSP,2017,Mar,9
445,PVSP,2017,Mar,10
446,RJD,2017,Mar,13
447,SAC,2017,Mar,31
448,SATF,2017,Mar,22
449,SCC,2017,Mar,2
450,SOL,2017,Mar,10
451,SQ,2017,Mar,10
452,SVSP,2017,Mar,34
453,VSPW,2017,Mar,0
454,WSP,2017,Mar,13
455,ASP,2018,Mar,3
456,CAC,2018,Mar,1
457,CAL,2018,Mar,16
458,CCC,2018,Mar,5
459,CCI,2018,Mar,28
460,CCWF,2018,Mar,20
461,CEN,2018,Mar,12
462,CHCF,2018,Mar,40
463,CIM,2018,Mar,5
464,CIW,2018,Mar,11
465,CMC,2018,Mar,14
466,CMF,2018,Mar,14
467,COR,2018,Mar,55
468,CRC,2018,Mar,1
469,CTF,2018,Mar,2
470,CVSP,2018,Mar,0
471,DVI,2018,Mar,11
472,FSP,2018,Mar,7
473,HDSP,2018,Mar,23
474,ISP,2018,Mar,8
475,KVSP,2018,Mar,51
476,LAC,2018,Mar,41
477,MCSP,2018,Mar,29
478,NKSP,2018,Mar,9
479,PBSP,2018,Mar,12
480,PVSP,2018,Mar,15
481,RJD,2018,Mar,35
482,SAC,2018,Mar,47
483,SATF,2018,Mar,22
484,SCC,2018,Mar,2
485,SOL,2018,Mar,7
486,SQ,2018,Mar,11
487,SVSP,2018,Mar,59
488,VSPW,2018,Mar,1
489,WSP,2018,Mar,17
490,ASP,2019,Mar,9
491,CAC,2019,Mar,4
492,CAL,2019,Mar,21
493,CCC,2019,Mar,12
494,CCI,2019,Mar,38
495,CCWF,2019,Mar,38
496,CEN,2019,Mar,14
497,CHCF,2019,Mar,28
498,CIM,2019,Mar,2
499,CIW,2019,Mar,7
500,CMC,2019,Mar,12
501,CMF,2019,Mar,13
502,COR,2019,Mar,61
503,CRC,2019,Mar,9
504,CTF,2019,Mar,7
505,CVSP,2019,Mar,5
506,DVI,2019,Mar,11
507,FSP,2019,Mar,17
508,HDSP,2019,Mar,24
509,ISP,2019,Mar,11
510,KVSP,2019,Mar,58
511,LAC,2019,Mar,46
512,MCSP,2019,Mar,28
513,NKSP,2019,Mar,17
514,PBSP,2019,Mar,14
515,PVSP,2019,Mar,8
516,RJD,2019,Mar,17
517,SAC,2019,Mar,46
518,SATF,2019,Mar,18
519,SCC,2019,Mar,14
520,SOL,2019,Mar,10
521,SQ,2019,Mar,7
522,SVSP,2019,Mar,53
523,VSPW,2019,Mar,7
524,WSP,2019,Mar,29
525,ASP,2015,Apr,4
526,CAC,2015,Apr,6
527,CAL,2015,Apr,12
528,CCC,2015,Apr,16
529,CCI,2015,Apr,5
530,CCWF,2015,Apr,10
531,CEN,2015,Apr,9
532,CHCF,2015,Apr,22
533,CIM,2015,Apr,6
534,CIW,2015,Apr,14
535,CMC,2015,Apr,5
536,CMF,2015,Apr,10
537,COR,2015,Apr,29
538,CRC,2015,Apr,4
539,CTF,2015,Apr,1
540,CVSP,2015,Apr,3
541,DVI,2015,Apr,9
542,FSP,2015,Apr,7
543,HDSP,2015,Apr,15
544,ISP,2015,Apr,7
545,KVSP,2015,Apr,27
546,LAC,2015,Apr,31
547,MCSP,2015,Apr,24
548,NKSP,2015,Apr,22
549,PBSP,2015,Apr,8
550,PVSP,2015,Apr,8
551,RJD,2015,Apr,8
552,SAC,2015,Apr,38
553,SATF,2015,Apr,17
554,SCC,2015,Apr,7
555,SOL,2015,Apr,14
556,SQ,2015,Apr,12
557,SVSP,2015,Apr,41
558,VSPW,2015,Apr,1
559,WSP,2015,Apr,11
560,ASP,2016,Apr,5
561,CAC,2016,Apr,1
562,CAL,2016,Apr,17
563,CCC,2016,Apr,11
564,CCI,2016,Apr,20
565,CCWF,2016,Apr,15
566,CEN,2016,Apr,5
567,CHCF,2016,Apr,25
568,CIM,2016,Apr,3
569,CIW,2016,Apr,8
570,CMC,2016,Apr,13
571,CMF,2016,Apr,12
572,COR,2016,Apr,35
573,CRC,2016,Apr,6
574,CTF,2016,Apr,2
575,CVSP,2016,Apr,3
576,DVI,2016,Apr,4
577,FSP,2016,Apr,3
578,HDSP,2016,Apr,29
579,ISP,2016,Apr,8
580,KVSP,2016,Apr,31
581,LAC,2016,Apr,41
582,MCSP,2016,Apr,20
583,NKSP,2016,Apr,26
584,PBSP,2016,Apr,13
585,PVSP,2016,Apr,11
586,RJD,2016,Apr,29
587,SAC,2016,Apr,41
588,SATF,2016,Apr,12
589,SCC,2016,Apr,8
590,SOL,2016,Apr,7
591,SQ,2016,Apr,7
592,SVSP,2016,Apr,38
593,VSPW,2016,Apr,3
594,WSP,2016,Apr,19
595,ASP,2017,Apr,2
596,CAC,2017,Apr,2
597,CAL,2017,Apr,23
598,CCC,2017,Apr,6
599,CCI,2017,Apr,35
600,CCWF,2017,Apr,25
601,CEN,2017,Apr,14
602,CHCF,2017,Apr,26
603,CIM,2017,Apr,7
604,CIW,2017,Apr,19
605,CMC,2017,Apr,16
606,CMF,2017,Apr,15
607,COR,2017,Apr,32
608,CRC,2017,Apr,4
609,CTF,2017,Apr,6
610,CVSP,2017,Apr,0
611,DVI,2017,Apr,7
612,FSP,2017,Apr,5
613,HDSP,2017,Apr,13
614,ISP,2017,Apr,6
615,KVSP,2017,Apr,24
616,LAC,2017,Apr,54
617,MCSP,2017,Apr,26
618,NKSP,2017,Apr,14
619,PBSP,2017,Apr,9
620,PVSP,2017,Apr,7
621,RJD,2017,Apr,18
622,SAC,2017,Apr,38
623,SATF,2017,Apr,12
624,SCC,2017,Apr,5
625,SOL,2017,Apr,9
626,SQ,2017,Apr,11
627,SVSP,2017,Apr,36
628,VSPW,2017,Apr,0
629,WSP,2017,Apr,20
630,ASP,2018,Apr,2
631,CAC,2018,Apr,2
632,CAL,2018,Apr,16
633,CCC,2018,Apr,11
634,CCI,2018,Apr,13
635,CCWF,2018,Apr,40
636,CEN,2018,Apr,10
637,CHCF,2018,Apr,22
638,CIM,2018,Apr,4
639,CIW,2018,Apr,11
640,CMC,2018,Apr,7
641,CMF,2018,Apr,12
642,COR,2018,Apr,45
643,CRC,2018,Apr,0
644,CTF,2018,Apr,2
645,CVSP,2018,Apr,1
646,DVI,2018,Apr,13
647,FSP,2018,Apr,9
648,HDSP,2018,Apr,23
649,ISP,2018,Apr,3
650,KVSP,2018,Apr,40
651,LAC,2018,Apr,41
652,MCSP,2018,Apr,22
653,NKSP,2018,Apr,17
654,PBSP,2018,Apr,12
655,PVSP,2018,Apr,14
656,RJD,2018,Apr,30
657,SAC,2018,Apr,52
658,SATF,2018,Apr,30
659,SCC,2018,Apr,5
660,SOL,2018,Apr,18
661,SQ,2018,Apr,12
662,SVSP,2018,Apr,54
663,VSPW,2018,Apr,2
664,WSP,2018,Apr,16
665,ASP,2019,Apr,7
666,CAC,2019,Apr,3
667,CAL,2019,Apr,18
668,CCC,2019,Apr,7
669,CCI,2019,Apr,40
670,CCWF,2019,Apr,40
671,CEN,2019,Apr,14
672,CHCF,2019,Apr,19
673,CIM,2019,Apr,3
674,CIW,2019,Apr,14
675,CMC,2019,Apr,16
676,CMF,2019,Apr,14
677,COR,2019,Apr,60
678,CRC,2019,Apr,4
679,CTF,2019,Apr,3
680,CVSP,2019,Apr,6
681,DVI,2019,Apr,12
682,FSP,2019,Apr,13
683,HDSP,2019,Apr,38
684,ISP,2019,Apr,9
685,KVSP,2019,Apr,57
686,LAC,2019,Apr,54
687,MCSP,2019,Apr,29
688,NKSP,2019,Apr,14
689,PBSP,2019,Apr,9
690,PVSP,2019,Apr,14
691,RJD,2019,Apr,20
692,SAC,2019,Apr,59
693,SATF,2019,Apr,24
694,SCC,2019,Apr,23
695,SOL,2019,Apr,15
696,SQ,2019,Apr,9
697,SVSP,2019,Apr,52
698,VSPW,2019,Apr,3
699,WSP,2019,Apr,19
700,ASP,2015,May,6
701,CAC,2015,May,3
702,CAL,2015,May,24
703,CCC,2015,May,14
704,CCI,2015,May,12
705,CCWF,2015,May,4
706,CEN,2015,May,14
707,CHCF,2015,May,17
708,CIM,2015,May,13
709,CIW,2015,May,13
710,CMC,2015,May,11
711,CMF,2015,May,5
712,COR,2015,May,40
713,CRC,2015,May,1
714,CTF,2015,May,2
715,CVSP,2015,May,0
716,DVI,2015,May,6
717,FSP,2015,May,5
718,HDSP,2015,May,24
719,ISP,2015,May,5
720,KVSP,2015,May,25
721,LAC,2015,May,33
722,MCSP,2015,May,26
723,NKSP,2015,May,15
724,PBSP,2015,May,11
725,PVSP,2015,May,6
726,RJD,2015,May,13
727,SAC,2015,May,58
728,SATF,2015,May,15
729,SCC,2015,May,8
730,SOL,2015,May,17
731,SQ,2015,May,9
732,SVSP,2015,May,36
733,VSPW,2015,May,2
734,WSP,2015,May,20
735,ASP,2016,May,2
736,CAC,2016,May,0
737,CAL,2016,May,26
738,CCC,2016,May,12
739,CCI,2016,May,24
740,CCWF,2016,May,18
741,CEN,2016,May,10
742,CHCF,2016,May,23
743,CIM,2016,May,3
744,CIW,2016,May,23
745,CMC,2016,May,16
746,CMF,2016,May,20
747,COR,2016,May,33
748,CRC,2016,May,6
749,CTF,2016,May,3
750,CVSP,2016,May,1
751,DVI,2016,May,10
752,FSP,2016,May,2
753,HDSP,2016,May,24
754,ISP,2016,May,6
755,KVSP,2016,May,34
756,LAC,2016,May,29
757,MCSP,2016,May,35
758,NKSP,2016,May,25
759,PBSP,2016,May,7
760,PVSP,2016,May,10
761,RJD,2016,May,26
762,SAC,2016,May,46
763,SATF,2016,May,21
764,SCC,2016,May,5
765,SOL,2016,May,9
766,SQ,2016,May,9
767,SVSP,2016,May,43
768,VSPW,2016,May,4
769,WSP,2016,May,21
770,ASP,2017,May,6
771,CAC,2017,May,1
772,CAL,2017,May,25
773,CCC,2017,May,8
774,CCI,2017,May,30
775,CCWF,2017,May,31
776,CEN,2017,May,7
777,CHCF,2017,May,16
778,CIM,2017,May,4
779,CIW,2017,May,4
780,CMC,2017,May,15
781,CMF,2017,May,15
782,COR,2017,May,40
783,CRC,2017,May,4
784,CTF,2017,May,2
785,CVSP,2017,May,0
786,DVI,2017,May,11
787,FSP,2017,May,6
788,HDSP,2017,May,18
789,ISP,2017,May,8
790,KVSP,2017,May,41
791,LAC,2017,May,48
792,MCSP,2017,May,23
793,NKSP,2017,May,16
794,PBSP,2017,May,11
795,PVSP,2017,May,8
796,RJD,2017,May,21
797,SAC,2017,May,53
798,SATF,2017,May,14
799,SCC,2017,May,5
800,SOL,2017,May,18
801,SQ,2017,May,19
802,SVSP,2017,May,33
803,VSPW,2017,May,4
804,WSP,2017,May,26
805,ASP,2018,May,5
806,CAC,2018,May,2
807,CAL,2018,May,12
808,CCC,2018,May,7
809,CCI,2018,May,31
810,CCWF,2018,May,34
811,CEN,2018,May,10
812,CHCF,2018,May,26
813,CIM,2018,May,7
814,CIW,2018,May,10
815,CMC,2018,May,14
816,CMF,2018,May,11
817,COR,2018,May,50
818,CRC,2018,May,5
819,CTF,2018,May,3
820,CVSP,2018,May,1
821,DVI,2018,May,6
822,FSP,2018,May,9
823,HDSP,2018,May,29
824,ISP,2018,May,5
825,KVSP,2018,May,49
826,LAC,2018,May,56
827,MCSP,2018,May,31
828,NKSP,2018,May,11
829,PBSP,2018,May,13
830,PVSP,2018,May,14
831,RJD,2018,May,27
832,SAC,2018,May,61
833,SATF,2018,May,17
834,SCC,2018,May,4
835,SOL,2018,May,10
836,SQ,2018,May,17
837,SVSP,2018,May,44
838,VSPW,2018,May,1
839,WSP,2018,May,20
840,ASP,2019,May,11
841,CAC,2019,May,2
842,CAL,2019,May,20
843,CCC,2019,May,17
844,CCI,2019,May,57
845,CCWF,2019,May,26
846,CEN,2019,May,12
847,CHCF,2019,May,25
848,CIM,2019,May,10
849,CIW,2019,May,10
850,CMC,2019,May,14
851,CMF,2019,May,27
852,COR,2019,May,54
853,CRC,2019,May,14
854,CTF,2019,May,9
855,CVSP,2019,May,8
856,DVI,2019,May,19
857,FSP,2019,May,26
858,HDSP,2019,May,29
859,ISP,2019,May,4
860,KVSP,2019,May,58
861,LAC,2019,May,62
862,MCSP,2019,May,33
863,NKSP,2019,May,14
864,PBSP,2019,May,14
865,PVSP,2019,May,16
866,RJD,2019,May,22
867,SAC,2019,May,51
868,SATF,2019,May,25
869,SCC,2019,May,34
870,SOL,2019,May,19
871,SQ,2019,May,12
872,SVSP,2019,May,50
873,VSPW,2019,May,5
874,WSP,2019,May,22
875,ASP,2015,Jun,2
876,CAC,2015,Jun,1
877,CAL,2015,Jun,23
878,CCC,2015,Jun,13
879,CCI,2015,Jun,14
880,CCWF,2015,Jun,8
881,CEN,2015,Jun,9
882,CHCF,2015,Jun,15
883,CIM,2015,Jun,8
884,CIW,2015,Jun,10
885,CMC,2015,Jun,11
886,CMF,2015,Jun,13
887,COR,2015,Jun,20
888,CRC,2015,Jun,8
889,CTF,2015,Jun,5
890,CVSP,2015,Jun,2
891,DVI,2015,Jun,8
892,FSP,2015,Jun,7
893,HDSP,2015,Jun,23
894,ISP,2015,Jun,9
895,KVSP,2015,Jun,23
896,LAC,2015,Jun,36
897,MCSP,2015,Jun,25
898,NKSP,2015,Jun,21
899,PBSP,2015,Jun,17
900,PVSP,2015,Jun,8
901,RJD,2015,Jun,18
902,SAC,2015,Jun,41
903,SATF,2015,Jun,15
904,SCC,2015,Jun,7
905,SOL,2015,Jun,10
906,SQ,2015,Jun,12
907,SVSP,2015,Jun,29
908,VSPW,2015,Jun,1
909,WSP,2015,Jun,27
910,ASP,2016,Jun,0
911,CAC,2016,Jun,1
912,CAL,2016,Jun,20
913,CCC,2016,Jun,13
914,CCI,2016,Jun,15
915,CCWF,2016,Jun,13
916,CEN,2016,Jun,18
917,CHCF,2016,Jun,25
918,CIM,2016,Jun,9
919,CIW,2016,Jun,15
920,CMC,2016,Jun,13
921,CMF,2016,Jun,18
922,COR,2016,Jun,32
923,CRC,2016,Jun,4
924,CTF,2016,Jun,3
925,CVSP,2016,Jun,2
926,DVI,2016,Jun,6
927,FSP,2016,Jun,5
928,HDSP,2016,Jun,14
929,ISP,2016,Jun,11
930,KVSP,2016,Jun,42
931,LAC,2016,Jun,36
932,MCSP,2016,Jun,19
933,NKSP,2016,Jun,27
934,PBSP,2016,Jun,20
935,PVSP,2016,Jun,8
936,RJD,2016,Jun,24
937,SAC,2016,Jun,65
938,SATF,2016,Jun,11
939,SCC,2016,Jun,6
940,SOL,2016,Jun,7
941,SQ,2016,Jun,14
942,SVSP,2016,Jun,42
943,VSPW,2016,Jun,3
944,WSP,2016,Jun,24
945,ASP,2017,Jun,5
946,CAC,2017,Jun,0
947,CAL,2017,Jun,32
948,CCC,2017,Jun,9
949,CCI,2017,Jun,38
950,CCWF,2017,Jun,22
951,CEN,2017,Jun,17
952,CHCF,2017,Jun,23
953,CIM,2017,Jun,5
954,CIW,2017,Jun,14
955,CMC,2017,Jun,11
956,CMF,2017,Jun,16
957,COR,2017,Jun,39
958,CRC,2017,Jun,5
959,CTF,2017,Jun,2
960,CVSP,2017,Jun,0
961,DVI,2017,Jun,7
962,FSP,2017,Jun,6
963,HDSP,2017,Jun,29
964,ISP,2017,Jun,5
965,KVSP,2017,Jun,47
966,LAC,2017,Jun,30
967,MCSP,2017,Jun,15
968,NKSP,2017,Jun,23
969,PBSP,2017,Jun,6
970,PVSP,2017,Jun,8
971,RJD,2017,Jun,22
972,SAC,2017,Jun,42
973,SATF,2017,Jun,18
974,SCC,2017,Jun,1
975,SOL,2017,Jun,5
976,SQ,2017,Jun,12
977,SVSP,2017,Jun,42
978,VSPW,2017,Jun,1
979,WSP,2017,Jun,17
980,ASP,2018,Jun,3
981,CAC,2018,Jun,0
982,CAL,2018,Jun,5
983,CCC,2018,Jun,9
984,CCI,2018,Jun,28
985,CCWF,2018,Jun,32
986,CEN,2018,Jun,10
987,CHCF,2018,Jun,24
988,CIM,2018,Jun,9
989,CIW,2018,Jun,14
990,CMC,2018,Jun,10
991,CMF,2018,Jun,16
992,COR,2018,Jun,46
993,CRC,2018,Jun,2
994,CTF,2018,Jun,5
995,CVSP,2018,Jun,1
996,DVI,2018,Jun,11
997,FSP,2018,Jun,7
998,HDSP,2018,Jun,28
999,ISP,2018,Jun,5
1000,KVSP,2018,Jun,79
1001,LAC,2018,Jun,41
1002,MCSP,2018,Jun,24
1003,NKSP,2018,Jun,14
1004,PBSP,2018,Jun,11
1005,PVSP,2018,Jun,8
1006,RJD,2018,Jun,32
1007,SAC,2018,Jun,48
1008,SATF,2018,Jun,15
1009,SCC,2018,Jun,5
1010,SOL,2018,Jun,13
1011,SQ,2018,Jun,17
1012,SVSP,2018,Jun,38
1013,VSPW,2018,Jun,1
1014,WSP,2018,Jun,21
1015,ASP,2019,Jun,10
1016,CAC,2019,Jun,1
1017,CAL,2019,Jun,20
1018,CCC,2019,Jun,20
1019,CCI,2019,Jun,47
1020,CCWF,2019,Jun,28
1021,CEN,2019,Jun,3
1022,CHCF,2019,Jun,25
1023,CIM,2019,Jun,9
1024,CIW,2019,Jun,13
1025,CMC,2019,Jun,3
1026,CMF,2019,Jun,26
1027,COR,2019,Jun,62
1028,CRC,2019,Jun,13
1029,CTF,2019,Jun,2
1030,CVSP,2019,Jun,5
1031,DVI,2019,Jun,14
1032,FSP,2019,Jun,9
1033,HDSP,2019,Jun,23
1034,ISP,2019,Jun,6
1035,KVSP,2019,Jun,69
1036,LAC,2019,Jun,41
1037,MCSP,2019,Jun,15
1038,NKSP,2019,Jun,20
1039,PBSP,2019,Jun,7
1040,PVSP,2019,Jun,22
1041,RJD,2019,Jun,11
1042,SAC,2019,Jun,63
1043,SATF,2019,Jun,17
1044,SCC,2019,Jun,22
1045,SOL,2019,Jun,15
1046,SQ,2019,Jun,13
1047,SVSP,2019,Jun,59
1048,VSPW,2019,Jun,5
1049,WSP,2019,Jun,34
1050,ASP,2015,Jul,6
1051,CAC,2015,Jul,1
1052,CAL,2015,Jul,28
1053,CCC,2015,Jul,11
1054,CCI,2015,Jul,17
1055,CCWF,2015,Jul,15
1056,CEN,2015,Jul,8
1057,CHCF,2015,Jul,13
1058,CIM,2015,Jul,10
1059,CIW,2015,Jul,12
1060,CMC,2015,Jul,9
1061,CMF,2015,Jul,21
1062,COR,2015,Jul,38
1063,CRC,2015,Jul,2
1064,CTF,2015,Jul,3
1065,CVSP,2015,Jul,1
1066,DVI,2015,Jul,12
1067,FSP,2015,Jul,2
1068,HDSP,2015,Jul,21
1069,ISP,2015,Jul,1
1070,KVSP,2015,Jul,34
1071,LAC,2015,Jul,45
1072,MCSP,2015,Jul,24
1073,NKSP,2015,Jul,24
1074,PBSP,2015,Jul,13
1075,PVSP,2015,Jul,7
1076,RJD,2015,Jul,18
1077,SAC,2015,Jul,54
1078,SATF,2015,Jul,35
1079,SCC,2015,Jul,3
1080,SOL,2015,Jul,10
1081,SQ,2015,Jul,5
1082,SVSP,2015,Jul,37
1083,VSPW,2015,Jul,2
1084,WSP,2015,Jul,11
1085,ASP,2016,Jul,1
1086,CAC,2016,Jul,2
1087,CAL,2016,Jul,16
1088,CCC,2016,Jul,10
1089,CCI,2016,Jul,28
1090,CCWF,2016,Jul,23
1091,CEN,2016,Jul,9
1092,CHCF,2016,Jul,24
1093,CIM,2016,Jul,7
1094,CIW,2016,Jul,14
1095,CMC,2016,Jul,20
1096,CMF,2016,Jul,11
1097,COR,2016,Jul,26
1098,CRC,2016,Jul,6
1099,CTF,2016,Jul,3
1100,CVSP,2016,Jul,0
1101,DVI,2016,Jul,8
1102,FSP,2016,Jul,4
1103,HDSP,2016,Jul,22
1104,ISP,2016,Jul,6
1105,KVSP,2016,Jul,42
1106,LAC,2016,Jul,39
1107,MCSP,2016,Jul,20
1108,NKSP,2016,Jul,18
1109,PBSP,2016,Jul,11
1110,PVSP,2016,Jul,8
1111,RJD,2016,Jul,16
1112,SAC,2016,Jul,42
1113,SATF,2016,Jul,10
1114,SCC,2016,Jul,9
1115,SOL,2016,Jul,14
1116,SQ,2016,Jul,21
1117,SVSP,2016,Jul,49
1118,VSPW,2016,Jul,3
1119,WSP,2016,Jul,23
1120,ASP,2017,Jul,2
1121,CAC,2017,Jul,4
1122,CAL,2017,Jul,20
1123,CCC,2017,Jul,9
1124,CCI,2017,Jul,32
1125,CCWF,2017,Jul,31
1126,CEN,2017,Jul,12
1127,CHCF,2017,Jul,23
1128,CIM,2017,Jul,7
1129,CIW,2017,Jul,12
1130,CMC,2017,Jul,19
1131,CMF,2017,Jul,9
1132,COR,2017,Jul,41
1133,CRC,2017,Jul,6
1134,CTF,2017,Jul,1
1135,CVSP,2017,Jul,2
1136,DVI,2017,Jul,17
1137,FSP,2017,Jul,8
1138,HDSP,2017,Jul,18
1139,ISP,2017,Jul,5
1140,KVSP,2017,Jul,49
1141,LAC,2017,Jul,48
1142,MCSP,2017,Jul,20
1143,NKSP,2017,Jul,11
1144,PBSP,2017,Jul,3
1145,PVSP,2017,Jul,6
1146,RJD,2017,Jul,25
1147,SAC,2017,Jul,54
1148,SATF,2017,Jul,16
1149,SCC,2017,Jul,1
1150,SOL,2017,Jul,13
1151,SQ,2017,Jul,12
1152,SVSP,2017,Jul,35
1153,VSPW,2017,Jul,4
1154,WSP,2017,Jul,21
1155,ASP,2018,Jul,2
1156,CAC,2018,Jul,3
1157,CAL,2018,Jul,22
1158,CCC,2018,Jul,9
1159,CCI,2018,Jul,31
1160,CCWF,2018,Jul,29
1161,CEN,2018,Jul,12
1162,CHCF,2018,Jul,32
1163,CIM,2018,Jul,8
1164,CIW,2018,Jul,14
1165,CMC,2018,Jul,6
1166,CMF,2018,Jul,8
1167,COR,2018,Jul,62
1168,CRC,2018,Jul,8
1169,CTF,2018,Jul,0
1170,CVSP,2018,Jul,6
1171,DVI,2018,Jul,15
1172,FSP,2018,Jul,5
1173,HDSP,2018,Jul,27
1174,ISP,2018,Jul,11
1175,KVSP,2018,Jul,78
1176,LAC,2018,Jul,51
1177,MCSP,2018,Jul,33
1178,NKSP,2018,Jul,17
1179,PBSP,2018,Jul,9
1180,PVSP,2018,Jul,7
1181,RJD,2018,Jul,25
1182,SAC,2018,Jul,22
1183,SATF,2018,Jul,25
1184,SCC,2018,Jul,5
1185,SOL,2018,Jul,15
1186,SQ,2018,Jul,23
1187,SVSP,2018,Jul,44
1188,VSPW,2018,Jul,5
1189,WSP,2018,Jul,35
1190,ASP,2019,Jul,5
1191,CAC,2019,Jul,4
1192,CAL,2019,Jul,24
1193,CCC,2019,Jul,19
1194,CCI,2019,Jul,26
1195,CCWF,2019,Jul,33
1196,CEN,2019,Jul,10
1197,CHCF,2019,Jul,20
1198,CIM,2019,Jul,6
1199,CIW,2019,Jul,11
1200,CMC,2019,Jul,13
1201,CMF,2019,Jul,18
1202,COR,2019,Jul,52
1203,CRC,2019,Jul,9
1204,CTF,2019,Jul,6
1205,CVSP,2019,Jul,8
1206,DVI,2019,Jul,11
1207,FSP,2019,Jul,17
1208,HDSP,2019,Jul,26
1209,ISP,2019,Jul,13
1210,KVSP,2019,Jul,52
1211,LAC,2019,Jul,63
1212,MCSP,2019,Jul,21
1213,NKSP,2019,Jul,33
1214,PBSP,2019,Jul,15
1215,PVSP,2019,Jul,13
1216,RJD,2019,Jul,21
1217,SAC,2019,Jul,69
1218,SATF,2019,Jul,20
1219,SCC,2019,Jul,20
1220,SOL,2019,Jul,15
1221,SQ,2019,Jul,10
1222,SVSP,2019,Jul,54
1223,VSPW,2019,Jul,2
1224,WSP,2019,Jul,23
1225,ASP,2015,Aug,1
1226,CAC,2015,Aug,1
1227,CAL,2015,Aug,29
1228,CCC,2015,Aug,7
1229,CCI,2015,Aug,12
1230,CCWF,2015,Aug,9
1231,CEN,2015,Aug,12
1232,CHCF,2015,Aug,26
1233,CIM,2015,Aug,7
1234,CIW,2015,Aug,9
1235,CMC,2015,Aug,8
1236,CMF,2015,Aug,26
1237,COR,2015,Aug,14
1238,CRC,2015,Aug,3
1239,CTF,2015,Aug,4
1240,CVSP,2015,Aug,1
1241,DVI,2015,Aug,11
1242,FSP,2015,Aug,7
1243,HDSP,2015,Aug,28
1244,ISP,2015,Aug,13
1245,KVSP,2015,Aug,33
1246,LAC,2015,Aug,44
1247,MCSP,2015,Aug,22
1248,NKSP,2015,Aug,19
1249,PBSP,2015,Aug,5
1250,PVSP,2015,Aug,6
1251,RJD,2015,Aug,26
1252,SAC,2015,Aug,46
1253,SATF,2015,Aug,20
1254,SCC,2015,Aug,4
1255,SOL,2015,Aug,8
1256,SQ,2015,Aug,16
1257,SVSP,2015,Aug,41
1258,VSPW,2015,Aug,2
1259,WSP,2015,Aug,21
1260,ASP,2016,Aug,1
1261,CAC,2016,Aug,1
1262,CAL,2016,Aug,22
1263,CCC,2016,Aug,14
1264,CCI,2016,Aug,21
1265,CCWF,2016,Aug,20
1266,CEN,2016,Aug,12
1267,CHCF,2016,Aug,20
1268,CIM,2016,Aug,7
1269,CIW,2016,Aug,13
1270,CMC,2016,Aug,11
1271,CMF,2016,Aug,10
1272,COR,2016,Aug,41
1273,CRC,2016,Aug,4
1274,CTF,2016,Aug,5
1275,CVSP,2016,Aug,0
1276,DVI,2016,Aug,3
1277,FSP,2016,Aug,6
1278,HDSP,2016,Aug,20
1279,ISP,2016,Aug,9
1280,KVSP,2016,Aug,42
1281,LAC,2016,Aug,27
1282,MCSP,2016,Aug,31
1283,NKSP,2016,Aug,11
1284,PBSP,2016,Aug,9
1285,PVSP,2016,Aug,10
1286,RJD,2016,Aug,25
1287,SAC,2016,Aug,46
1288,SATF,2016,Aug,26
1289,SCC,2016,Aug,4
1290,SOL,2016,Aug,11
1291,SQ,2016,Aug,11
1292,SVSP,2016,Aug,45
1293,VSPW,2016,Aug,2
1294,WSP,2016,Aug,20
1295,ASP,2017,Aug,5
1296,CAC,2017,Aug,7
1297,CAL,2017,Aug,26
1298,CCC,2017,Aug,8
1299,CCI,2017,Aug,35
1300,CCWF,2017,Aug,19
1301,CEN,2017,Aug,11
1302,CHCF,2017,Aug,21
1303,CIM,2017,Aug,5
1304,CIW,2017,Aug,14
1305,CMC,2017,Aug,21
1306,CMF,2017,Aug,14
1307,COR,2017,Aug,49
1308,CRC,2017,Aug,4
1309,CTF,2017,Aug,5
1310,CVSP,2017,Aug,3
1311,DVI,2017,Aug,11
1312,FSP,2017,Aug,5
1313,HDSP,2017,Aug,22
1314,ISP,2017,Aug,4
1315,KVSP,2017,Aug,43
1316,LAC,2017,Aug,35
1317,MCSP,2017,Aug,37
1318,NKSP,2017,Aug,16
1319,PBSP,2017,Aug,6
1320,PVSP,2017,Aug,8
1321,RJD,2017,Aug,26
1322,SAC,2017,Aug,53
1323,SATF,2017,Aug,22
1324,SCC,2017,Aug,8
1325,SOL,2017,Aug,10
1326,SQ,2017,Aug,18
1327,SVSP,2017,Aug,37
1328,VSPW,2017,Aug,3
1329,WSP,2017,Aug,13
1330,ASP,2018,Aug,8
1331,CAC,2018,Aug,0
1332,CAL,2018,Aug,18
1333,CCC,2018,Aug,10
1334,CCI,2018,Aug,43
1335,CCWF,2018,Aug,12
1336,CEN,2018,Aug,12
1337,CHCF,2018,Aug,28
1338,CIM,2018,Aug,2
1339,CIW,2018,Aug,21
1340,CMC,2018,Aug,17
1341,CMF,2018,Aug,13
1342,COR,2018,Aug,51
1343,CRC,2018,Aug,5
1344,CTF,2018,Aug,6
1345,CVSP,2018,Aug,5
1346,DVI,2018,Aug,11
1347,FSP,2018,Aug,10
1348,HDSP,2018,Aug,28
1349,ISP,2018,Aug,10
1350,KVSP,2018,Aug,71
1351,LAC,2018,Aug,54
1352,MCSP,2018,Aug,36
1353,NKSP,2018,Aug,17
1354,PBSP,2018,Aug,13
1355,PVSP,2018,Aug,19
1356,RJD,2018,Aug,22
1357,SAC,2018,Aug,52
1358,SATF,2018,Aug,19
1359,SCC,2018,Aug,13
1360,SOL,2018,Aug,9
1361,SQ,2018,Aug,14
1362,SVSP,2018,Aug,49
1363,VSPW,2018,Aug,4
1364,WSP,2018,Aug,18
1365,ASP,2019,Aug,18
1366,CAC,2019,Aug,5
1367,CAL,2019,Aug,23
1368,CCC,2019,Aug,44
1369,CCI,2019,Aug,35
1370,CCWF,2019,Aug,29
1371,CEN,2019,Aug,8
1372,CHCF,2019,Aug,22
1373,CIM,2019,Aug,6
1374,CIW,2019,Aug,10
1375,CMC,2019,Aug,16
1376,CMF,2019,Aug,13
1377,COR,2019,Aug,48
1378,CRC,2019,Aug,8
1379,CTF,2019,Aug,3
1380,CVSP,2019,Aug,2
1381,DVI,2019,Aug,9
1382,FSP,2019,Aug,15
1383,HDSP,2019,Aug,37
1384,ISP,2019,Aug,6
1385,KVSP,2019,Aug,64
1386,LAC,2019,Aug,44
1387,MCSP,2019,Aug,22
1388,NKSP,2019,Aug,22
1389,PBSP,2019,Aug,17
1390,PVSP,2019,Aug,17
1391,RJD,2019,Aug,18
1392,SAC,2019,Aug,62
1393,SATF,2019,Aug,27
1394,SCC,2019,Aug,18
1395,SOL,2019,Aug,16
1396,SQ,2019,Aug,22
1397,SVSP,2019,Aug,43
1398,VSPW,2019,Aug,2
1399,WSP,2019,Aug,42
1400,ASP,2015,Sep,3
1401,CAC,2015,Sep,7
1402,CAL,2015,Sep,37
1403,CCC,2015,Sep,1
1404,CCI,2015,Sep,13
1405,CCWF,2015,Sep,7
1406,CEN,2015,Sep,13
1407,CHCF,2015,Sep,17
1408,CIM,2015,Sep,7
1409,CIW,2015,Sep,23
1410,CMC,2015,Sep,11
1411,CMF,2015,Sep,17
1412,COR,2015,Sep,27
1413,CRC,2015,Sep,4
1414,CTF,2015,Sep,2
1415,CVSP,2015,Sep,2
1416,DVI,2015,Sep,4
1417,FSP,2015,Sep,7
1418,HDSP,2015,Sep,22
1419,ISP,2015,Sep,10
1420,KVSP,2015,Sep,31
1421,LAC,2015,Sep,37
1422,MCSP,2015,Sep,23
1423,NKSP,2015,Sep,31
1424,PBSP,2015,Sep,6
1425,PVSP,2015,Sep,8
1426,RJD,2015,Sep,14
1427,SAC,2015,Sep,48
1428,SATF,2015,Sep,10
1429,SCC,2015,Sep,3
1430,SOL,2015,Sep,14
1431,SQ,2015,Sep,6
1432,SVSP,2015,Sep,34
1433,VSPW,2015,Sep,1
1434,WSP,2015,Sep,17
1435,ASP,2016,Sep,0
1436,CAC,2016,Sep,0
1437,CAL,2016,Sep,18
1438,CCC,2016,Sep,8
1439,CCI,2016,Sep,20
1440,CCWF,2016,Sep,19
1441,CEN,2016,Sep,15
1442,CHCF,2016,Sep,23
1443,CIM,2016,Sep,11
1444,CIW,2016,Sep,16
1445,CMC,2016,Sep,23
1446,CMF,2016,Sep,16
1447,COR,2016,Sep,27
1448,CRC,2016,Sep,5
1449,CTF,2016,Sep,3
1450,CVSP,2016,Sep,0
1451,DVI,2016,Sep,5
1452,FSP,2016,Sep,2
1453,HDSP,2016,Sep,18
1454,ISP,2016,Sep,7
1455,KVSP,2016,Sep,41
1456,LAC,2016,Sep,27
1457,MCSP,2016,Sep,21
1458,NKSP,2016,Sep,17
1459,PBSP,2016,Sep,9
1460,PVSP,2016,Sep,9
1461,RJD,2016,Sep,11
1462,SAC,2016,Sep,42
1463,SATF,2016,Sep,10
1464,SCC,2016,Sep,5
1465,SOL,2016,Sep,4
1466,SQ,2016,Sep,9
1467,SVSP,2016,Sep,53
1468,VSPW,2016,Sep,0
1469,WSP,2016,Sep,17
1470,ASP,2017,Sep,8
1471,CAC,2017,Sep,4
1472,CAL,2017,Sep,23
1473,CCC,2017,Sep,12
1474,CCI,2017,Sep,27
1475,CCWF,2017,Sep,22
1476,CEN,2017,Sep,5
1477,CHCF,2017,Sep,19
1478,CIM,2017,Sep,2
1479,CIW,2017,Sep,6
1480,CMC,2017,Sep,10
1481,CMF,2017,Sep,15
1482,COR,2017,Sep,35
1483,CRC,2017,Sep,1
1484,CTF,2017,Sep,0
1485,CVSP,2017,Sep,0
1486,DVI,2017,Sep,14
1487,FSP,2017,Sep,4
1488,HDSP,2017,Sep,20
1489,ISP,2017,Sep,5
1490,KVSP,2017,Sep,54
1491,LAC,2017,Sep,42
1492,MCSP,2017,Sep,40
1493,NKSP,2017,Sep,10
1494,PBSP,2017,Sep,10
1495,PVSP,2017,Sep,10
1496,RJD,2017,Sep,18
1497,SAC,2017,Sep,39
1498,SATF,2017,Sep,17
1499,SCC,2017,Sep,4
1500,SOL,2017,Sep,9
1501,SQ,2017,Sep,10
1502,SVSP,2017,Sep,35
1503,VSPW,2017,Sep,5
1504,WSP,2017,Sep,16
1505,ASP,2018,Sep,8
1506,CAC,2018,Sep,8
1507,CAL,2018,Sep,19
1508,CCC,2018,Sep,12
1509,CCI,2018,Sep,33
1510,CCWF,2018,Sep,54
1511,CEN,2018,Sep,13
1512,CHCF,2018,Sep,32
1513,CIM,2018,Sep,5
1514,CIW,2018,Sep,9
1515,CMC,2018,Sep,6
1516,CMF,2018,Sep,16
1517,COR,2018,Sep,42
1518,CRC,2018,Sep,9
1519,CTF,2018,Sep,2
1520,CVSP,2018,Sep,4
1521,DVI,2018,Sep,10
1522,FSP,2018,Sep,12
1523,HDSP,2018,Sep,33
1524,ISP,2018,Sep,7
1525,KVSP,2018,Sep,63
1526,LAC,2018,Sep,56
1527,MCSP,2018,Sep,27
1528,NKSP,2018,Sep,22
1529,PBSP,2018,Sep,22
1530,PVSP,2018,Sep,12
1531,RJD,2018,Sep,21
1532,SAC,2018,Sep,43
1533,SATF,2018,Sep,24
1534,SCC,2018,Sep,11
1535,SOL,2018,Sep,16
1536,SQ,2018,Sep,19
1537,SVSP,2018,Sep,62
1538,VSPW,2018,Sep,3
1539,WSP,2018,Sep,16
1540,ASP,2019,Sep,5
1541,CAC,2019,Sep,1
1542,CAL,2019,Sep,21
1543,CCC,2019,Sep,11
1544,CCI,2019,Sep,46
1545,CCWF,2019,Sep,30
1546,CEN,2019,Sep,10
1547,CHCF,2019,Sep,27
1548,CIM,2019,Sep,6
1549,CIW,2019,Sep,12
1550,CMC,2019,Sep,15
1551,CMF,2019,Sep,23
1552,COR,2019,Sep,50
1553,CRC,2019,Sep,8
1554,CTF,2019,Sep,7
1555,CVSP,2019,Sep,4
1556,DVI,2019,Sep,11
1557,FSP,2019,Sep,15
1558,HDSP,2019,Sep,36
1559,ISP,2019,Sep,8
1560,KVSP,2019,Sep,44
1561,LAC,2019,Sep,47
1562,MCSP,2019,Sep,23
1563,NKSP,2019,Sep,21
1564,PBSP,2019,Sep,10
1565,PVSP,2019,Sep,23
1566,RJD,2019,Sep,16
1567,SAC,2019,Sep,62
1568,SATF,2019,Sep,23
1569,SCC,2019,Sep,9
1570,SOL,2019,Sep,20
1571,SQ,2019,Sep,22
1572,SVSP,2019,Sep,57
1573,VSPW,2019,Sep,1
1574,WSP,2019,Sep,31
1575,ASP,2015,Oct,7
1576,CAC,2015,Oct,1
1577,CAL,2015,Oct,17
1578,CCC,2015,Oct,9
1579,CCI,2015,Oct,19
1580,CCWF,2015,Oct,11
1581,CEN,2015,Oct,11
1582,CHCF,2015,Oct,22
1583,CIM,2015,Oct,8
1584,CIW,2015,Oct,15
1585,CMC,2015,Oct,13
1586,CMF,2015,Oct,12
1587,COR,2015,Oct,39
1588,CRC,2015,Oct,4
1589,CTF,2015,Oct,6
1590,CVSP,2015,Oct,0
1591,DVI,2015,Oct,11
1592,FSP,2015,Oct,8
1593,HDSP,2015,Oct,17
1594,ISP,2015,Oct,9
1595,KVSP,2015,Oct,33
1596,LAC,2015,Oct,34
1597,MCSP,2015,Oct,16
1598,NKSP,2015,Oct,19
1599,PBSP,2015,Oct,7
1600,PVSP,2015,Oct,7
1601,RJD,2015,Oct,14
1602,SAC,2015,Oct,62
1603,SATF,2015,Oct,16
1604,SCC,2015,Oct,5
1605,SOL,2015,Oct,14
1606,SQ,2015,Oct,10
1607,SVSP,2015,Oct,41
1608,VSPW,2015,Oct,3
1609,WSP,2015,Oct,22
1610,ASP,2016,Oct,5
1611,CAC,2016,Oct,0
1612,CAL,2016,Oct,17
1613,CCC,2016,Oct,8
1614,CCI,2016,Oct,22
1615,CCWF,2016,Oct,13
1616,CEN,2016,Oct,17
1617,CHCF,2016,Oct,23
1618,CIM,2016,Oct,5
1619,CIW,2016,Oct,8
1620,CMC,2016,Oct,24
1621,CMF,2016,Oct,10
1622,COR,2016,Oct,36
1623,CRC,2016,Oct,2
1624,CTF,2016,Oct,2
1625,CVSP,2016,Oct,1
1626,DVI,2016,Oct,5
1627,FSP,2016,Oct,5
1628,HDSP,2016,Oct,16
1629,ISP,2016,Oct,6
1630,KVSP,2016,Oct,40
1631,LAC,2016,Oct,34
1632,MCSP,2016,Oct,20
1633,NKSP,2016,Oct,22
1634,PBSP,2016,Oct,12
1635,PVSP,2016,Oct,6
1636,RJD,2016,Oct,25
1637,SAC,2016,Oct,33
1638,SATF,2016,Oct,17
1639,SCC,2016,Oct,2
1640,SOL,2016,Oct,12
1641,SQ,2016,Oct,15
1642,SVSP,2016,Oct,48
1643,VSPW,2016,Oct,5
1644,WSP,2016,Oct,19
1645,ASP,2017,Oct,3
1646,CAC,2017,Oct,6
1647,CAL,2017,Oct,20
1648,CCC,2017,Oct,7
1649,CCI,2017,Oct,26
1650,CCWF,2017,Oct,23
1651,CEN,2017,Oct,11
1652,CHCF,2017,Oct,31
1653,CIM,2017,Oct,9
1654,CIW,2017,Oct,3
1655,CMC,2017,Oct,6
1656,CMF,2017,Oct,17
1657,COR,2017,Oct,43
1658,CRC,2017,Oct,2
1659,CTF,2017,Oct,0
1660,CVSP,2017,Oct,0
1661,DVI,2017,Oct,14
1662,FSP,2017,Oct,3
1663,HDSP,2017,Oct,31
1664,ISP,2017,Oct,6
1665,KVSP,2017,Oct,27
1666,LAC,2017,Oct,44
1667,MCSP,2017,Oct,26
1668,NKSP,2017,Oct,18
1669,PBSP,2017,Oct,19
1670,PVSP,2017,Oct,7
1671,RJD,2017,Oct,28
1672,SAC,2017,Oct,33
1673,SATF,2017,Oct,11
1674,SCC,2017,Oct,7
1675,SOL,2017,Oct,9
1676,SQ,2017,Oct,9
1677,SVSP,2017,Oct,36
1678,VSPW,2017,Oct,4
1679,WSP,2017,Oct,12
1680,ASP,2018,Oct,7
1681,CAC,2018,Oct,1
1682,CAL,2018,Oct,14
1683,CCC,2018,Oct,7
1684,CCI,2018,Oct,61
1685,CCWF,2018,Oct,42
1686,CEN,2018,Oct,9
1687,CHCF,2018,Oct,32
1688,CIM,2018,Oct,5
1689,CIW,2018,Oct,19
1690,CMC,2018,Oct,10
1691,CMF,2018,Oct,22
1692,COR,2018,Oct,49
1693,CRC,2018,Oct,8
1694,CTF,2018,Oct,5
1695,CVSP,2018,Oct,2
1696,DVI,2018,Oct,10
1697,FSP,2018,Oct,9
1698,HDSP,2018,Oct,33
1699,ISP,2018,Oct,3
1700,KVSP,2018,Oct,67
1701,LAC,2018,Oct,47
1702,MCSP,2018,Oct,29
1703,NKSP,2018,Oct,16
1704,PBSP,2018,Oct,17
1705,PVSP,2018,Oct,9
1706,RJD,2018,Oct,19
1707,SAC,2018,Oct,52
1708,SATF,2018,Oct,18
1709,SCC,2018,Oct,4
1710,SOL,2018,Oct,9
1711,SQ,2018,Oct,18
1712,SVSP,2018,Oct,55
1713,VSPW,2018,Oct,4
1714,WSP,2018,Oct,28
1715,ASP,2019,Oct,11
1716,CAC,2019,Oct,5
1717,CAL,2019,Oct,16
1718,CCC,2019,Oct,16
1719,CCI,2019,Oct,27
1720,CCWF,2019,Oct,33
1721,CEN,2019,Oct,17
1722,CHCF,2019,Oct,23
1723,CIM,2019,Oct,4
1724,CIW,2019,Oct,6
1725,CMC,2019,Oct,13
1726,CMF,2019,Oct,26
1727,COR,2019,Oct,41
1728,CRC,2019,Oct,7
1729,CTF,2019,Oct,4
1730,CVSP,2019,Oct,6
1731,DVI,2019,Oct,7
1732,FSP,2019,Oct,7
1733,HDSP,2019,Oct,34
1734,ISP,2019,Oct,16
1735,KVSP,2019,Oct,57
1736,LAC,2019,Oct,48
1737,MCSP,2019,Oct,19
1738,NKSP,2019,Oct,35
1739,PBSP,2019,Oct,10
1740,PVSP,2019,Oct,17
1741,RJD,2019,Oct,15
1742,SAC,2019,Oct,72
1743,SATF,2019,Oct,20
1744,SCC,2019,Oct,10
1745,SOL,2019,Oct,19
1746,SQ,2019,Oct,18
1747,SVSP,2019,Oct,30
1748,VSPW,2019,Oct,2
1749,WSP,2019,Oct,29
1750,ASP,2015,Nov,4
1751,CAC,2015,Nov,0
1752,CAL,2015,Nov,19
1753,CCC,2015,Nov,9
1754,CCI,2015,Nov,7
1755,CCWF,2015,Nov,11
1756,CEN,2015,Nov,7
1757,CHCF,2015,Nov,25
1758,CIM,2015,Nov,9
1759,CIW,2015,Nov,14
1760,CMC,2015,Nov,10
1761,CMF,2015,Nov,3
1762,COR,2015,Nov,34
1763,CRC,2015,Nov,5
1764,CTF,2015,Nov,2
1765,CVSP,2015,Nov,0
1766,DVI,2015,Nov,9
1767,FSP,2015,Nov,1
1768,HDSP,2015,Nov,23
1769,ISP,2015,Nov,9
1770,KVSP,2015,Nov,24
1771,LAC,2015,Nov,43
1772,MCSP,2015,Nov,25
1773,NKSP,2015,Nov,17
1774,PBSP,2015,Nov,8
1775,PVSP,2015,Nov,10
1776,RJD,2015,Nov,9
1777,SAC,2015,Nov,33
1778,SATF,2015,Nov,10
1779,SCC,2015,Nov,5
1780,SOL,2015,Nov,8
1781,SQ,2015,Nov,12
1782,SVSP,2015,Nov,40
1783,VSPW,2015,Nov,1
1784,WSP,2015,Nov,14
1785,ASP,2016,Nov,1
1786,CAC,2016,Nov,0
1787,CAL,2016,Nov,24
1788,CCC,2016,Nov,8
1789,CCI,2016,Nov,20
1790,CCWF,2016,Nov,17
1791,CEN,2016,Nov,10
1792,CHCF,2016,Nov,31
1793,CIM,2016,Nov,5
1794,CIW,2016,Nov,10
1795,CMC,2016,Nov,19
1796,CMF,2016,Nov,12
1797,COR,2016,Nov,25
1798,CRC,2016,Nov,8
1799,CTF,2016,Nov,0
1800,CVSP,2016,Nov,1
1801,DVI,2016,Nov,6
1802,FSP,2016,Nov,2
1803,HDSP,2016,Nov,14
1804,ISP,2016,Nov,6
1805,KVSP,2016,Nov,52
1806,LAC,2016,Nov,37
1807,MCSP,2016,Nov,18
1808,NKSP,2016,Nov,15
1809,PBSP,2016,Nov,11
1810,PVSP,2016,Nov,11
1811,RJD,2016,Nov,24
1812,SAC,2016,Nov,35
1813,SATF,2016,Nov,10
1814,SCC,2016,Nov,2
1815,SOL,2016,Nov,5
1816,SQ,2016,Nov,17
1817,SVSP,2016,Nov,45
1818,VSPW,2016,Nov,2
1819,WSP,2016,Nov,15
1820,ASP,2017,Nov,1
1821,CAC,2017,Nov,0
1822,CAL,2017,Nov,22
1823,CCC,2017,Nov,7
1824,CCI,2017,Nov,24
1825,CCWF,2017,Nov,25
1826,CEN,2017,Nov,12
1827,CHCF,2017,Nov,23
1828,CIM,2017,Nov,2
1829,CIW,2017,Nov,9
1830,CMC,2017,Nov,16
1831,CMF,2017,Nov,19
1832,COR,2017,Nov,30
1833,CRC,2017,Nov,3
1834,CTF,2017,Nov,5
1835,CVSP,2017,Nov,0
1836,DVI,2017,Nov,13
1837,FSP,2017,Nov,4
1838,HDSP,2017,Nov,32
1839,ISP,2017,Nov,7
1840,KVSP,2017,Nov,36
1841,LAC,2017,Nov,39
1842,MCSP,2017,Nov,23
1843,NKSP,2017,Nov,8
1844,PBSP,2017,Nov,8
1845,PVSP,2017,Nov,7
1846,RJD,2017,Nov,19
1847,SAC,2017,Nov,50
1848,SATF,2017,Nov,14
1849,SCC,2017,Nov,4
1850,SOL,2017,Nov,7
1851,SQ,2017,Nov,16
1852,SVSP,2017,Nov,44
1853,VSPW,2017,Nov,4
1854,WSP,2017,Nov,21
1855,ASP,2018,Nov,7
1856,CAC,2018,Nov,2
1857,CAL,2018,Nov,21
1858,CCC,2018,Nov,6
1859,CCI,2018,Nov,40
1860,CCWF,2018,Nov,16
1861,CEN,2018,Nov,16
1862,CHCF,2018,Nov,31
1863,CIM,2018,Nov,4
1864,CIW,2018,Nov,10
1865,CMC,2018,Nov,15
1866,CMF,2018,Nov,14
1867,COR,2018,Nov,42
1868,CRC,2018,Nov,4
1869,CTF,2018,Nov,4
1870,CVSP,2018,Nov,3
1871,DVI,2018,Nov,9
1872,FSP,2018,Nov,12
1873,HDSP,2018,Nov,28
1874,ISP,2018,Nov,7
1875,KVSP,2018,Nov,58
1876,LAC,2018,Nov,48
1877,MCSP,2018,Nov,27
1878,NKSP,2018,Nov,17
1879,PBSP,2018,Nov,18
1880,PVSP,2018,Nov,15
1881,RJD,2018,Nov,28
1882,SAC,2018,Nov,47
1883,SATF,2018,Nov,25
1884,SCC,2018,Nov,6
1885,SOL,2018,Nov,13
1886,SQ,2018,Nov,14
1887,SVSP,2018,Nov,43
1888,VSPW,2018,Nov,3
1889,WSP,2018,Nov,20
1890,ASP,2019,Nov,15
1891,CAC,2019,Nov,4
1892,CAL,2019,Nov,18
1893,CCC,2019,Nov,11
1894,CCI,2019,Nov,28
1895,CCWF,2019,Nov,34
1896,CEN,2019,Nov,11
1897,CHCF,2019,Nov,19
1898,CIM,2019,Nov,6
1899,CIW,2019,Nov,4
1900,CMC,2019,Nov,9
1901,CMF,2019,Nov,32
1902,COR,2019,Nov,42
1903,CRC,2019,Nov,5
1904,CTF,2019,Nov,3
1905,CVSP,2019,Nov,3
1906,DVI,2019,Nov,13
1907,FSP,2019,Nov,8
1908,HDSP,2019,Nov,29
1909,ISP,2019,Nov,7
1910,KVSP,2019,Nov,57
1911,LAC,2019,Nov,46
1912,MCSP,2019,Nov,29
1913,NKSP,2019,Nov,17
1914,PBSP,2019,Nov,14
1915,PVSP,2019,Nov,16
1916,RJD,2019,Nov,15
1917,SAC,2019,Nov,59
1918,SATF,2019,Nov,19
1919,SCC,2019,Nov,8
1920,SOL,2019,Nov,12
1921,SQ,2019,Nov,9
1922,SVSP,2019,Nov,47
1923,VSPW,2019,Nov,3
1924,WSP,2019,Nov,33
1925,ASP,2015,Dec,2
1926,CAC,2015,Dec,1
1927,CAL,2015,Dec,19
1928,CCC,2015,Dec,16
1929,CCI,2015,Dec,10
1930,CCWF,2015,Dec,15
1931,CEN,2015,Dec,3
1932,CHCF,2015,Dec,25
1933,CIM,2015,Dec,6
1934,CIW,2015,Dec,20
1935,CMC,2015,Dec,15
1936,CMF,2015,Dec,14
1937,COR,2015,Dec,23
1938,CRC,2015,Dec,3
1939,CTF,2015,Dec,2
1940,CVSP,2015,Dec,1
1941,DVI,2015,Dec,12
1942,FSP,2015,Dec,0
1943,HDSP,2015,Dec,22
1944,ISP,2015,Dec,7
1945,KVSP,2015,Dec,23
1946,LAC,2015,Dec,45
1947,MCSP,2015,Dec,16
1948,NKSP,2015,Dec,19
1949,PBSP,2015,Dec,9
1950,PVSP,2015,Dec,10
1951,RJD,2015,Dec,19
1952,SAC,2015,Dec,48
1953,SATF,2015,Dec,17
1954,SCC,2015,Dec,2
1955,SOL,2015,Dec,5
1956,SQ,2015,Dec,9
1957,SVSP,2015,Dec,37
1958,VSPW,2015,Dec,4
1959,WSP,2015,Dec,21
1960,ASP,2016,Dec,4
1961,CAC,2016,Dec,2
1962,CAL,2016,Dec,19
1963,CCC,2016,Dec,8
1964,CCI,2016,Dec,26
1965,CCWF,2016,Dec,17
1966,CEN,2016,Dec,4
1967,CHCF,2016,Dec,28
1968,CIM,2016,Dec,6
1969,CIW,2016,Dec,11
1970,CMC,2016,Dec,13
1971,CMF,2016,Dec,10
1972,COR,2016,Dec,35
1973,CRC,2016,Dec,5
1974,CTF,2016,Dec,1
1975,CVSP,2016,Dec,0
1976,DVI,2016,Dec,6
1977,FSP,2016,Dec,2
1978,HDSP,2016,Dec,17
1979,ISP,2016,Dec,6
1980,KVSP,2016,Dec,28
1981,LAC,2016,Dec,28
1982,MCSP,2016,Dec,28
1983,NKSP,2016,Dec,23
1984,PBSP,2016,Dec,8
1985,PVSP,2016,Dec,7
1986,RJD,2016,Dec,17
1987,SAC,2016,Dec,56
1988,SATF,2016,Dec,22
1989,SCC,2016,Dec,7
1990,SOL,2016,Dec,9
1991,SQ,2016,Dec,10
1992,SVSP,2016,Dec,28
1993,VSPW,2016,Dec,7
1994,WSP,2016,Dec,19
1995,ASP,2017,Dec,1
1996,CAC,2017,Dec,3
1997,CAL,2017,Dec,17
1998,CCC,2017,Dec,7
1999,CCI,2017,Dec,35
2000,CCWF,2017,Dec,34
2001,CEN,2017,Dec,12
2002,CHCF,2017,Dec,21
2003,CIM,2017,Dec,6
2004,CIW,2017,Dec,9
2005,CMC,2017,Dec,13
2006,CMF,2017,Dec,13
2007,COR,2017,Dec,41
2008,CRC,2017,Dec,8
2009,CTF,2017,Dec,1
2010,CVSP,2017,Dec,1
2011,DVI,2017,Dec,8
2012,FSP,2017,Dec,4
2013,HDSP,2017,Dec,26
2014,ISP,2017,Dec,2
2015,KVSP,2017,Dec,47
2016,LAC,2017,Dec,35
2017,MCSP,2017,Dec,25
2018,NKSP,2017,Dec,15
2019,PBSP,2017,Dec,10
2020,PVSP,2017,Dec,9
2021,RJD,2017,Dec,20
2022,SAC,2017,Dec,30
2023,SATF,2017,Dec,18
2024,SCC,2017,Dec,6
2025,SOL,2017,Dec,5
2026,SQ,2017,Dec,12
2027,SVSP,2017,Dec,32
2028,VSPW,2017,Dec,4
2029,WSP,2017,Dec,16
2030,ASP,2018,Dec,5
2031,CAC,2018,Dec,2
2032,CAL,2018,Dec,10
2033,CCC,2018,Dec,10
2034,CCI,2018,Dec,47
2035,CCWF,2018,Dec,21
2036,CEN,2018,Dec,12
2037,CHCF,2018,Dec,26
2038,CIM,2018,Dec,2
2039,CIW,2018,Dec,9
2040,CMC,2018,Dec,10
2041,CMF,2018,Dec,13
2042,COR,2018,Dec,55
2043,CRC,2018,Dec,12
2044,CTF,2018,Dec,10
2045,CVSP,2018,Dec,2
2046,DVI,2018,Dec,11
2047,FSP,2018,Dec,11
2048,HDSP,2018,Dec,43
2049,ISP,2018,Dec,14
2050,KVSP,2018,Dec,50
2051,LAC,2018,Dec,31
2052,MCSP,2018,Dec,28
2053,NKSP,2018,Dec,13
2054,PBSP,2018,Dec,12
2055,PVSP,2018,Dec,12
2056,RJD,2018,Dec,22
2057,SAC,2018,Dec,40
2058,SATF,2018,Dec,18
2059,SCC,2018,Dec,9
2060,SOL,2018,Dec,13
2061,SQ,2018,Dec,13
2062,SVSP,2018,Dec,55
2063,VSPW,2018,Dec,5
2064,WSP,2018,Dec,24
2065,ASP,2019,Dec,10
2066,CAC,2019,Dec,5
2067,CAL,2019,Dec,21
2068,CCC,2019,Dec,11
2069,CCI,2019,Dec,31
2070,CCWF,2019,Dec,35
2071,CEN,2019,Dec,9
2072,CHCF,2019,Dec,10
2073,CIM,2019,Dec,2
2074,CIW,2019,Dec,13
2075,CMC,2019,Dec,9
2076,CMF,2019,Dec,21
2077,COR,2019,Dec,24
2078,CRC,2019,Dec,12
2079,CTF,2019,Dec,4
2080,CVSP,2019,Dec,2
2081,DVI,2019,Dec,5
2082,FSP,2019,Dec,7
2083,HDSP,2019,Dec,30
2084,ISP,2019,Dec,6
2085,KVSP,2019,Dec,54
2086,LAC,2019,Dec,33
2087,MCSP,2019,Dec,21
2088,NKSP,2019,Dec,28
2089,PBSP,2019,Dec,2
2090,PVSP,2019,Dec,10
2091,RJD,2019,Dec,14
2092,SAC,2019,Dec,6
2093,SATF,2019,Dec,15
2094,SCC,2019,Dec,13
2095,SOL,2019,Dec,24
2096,SQ,2019,Dec,7
2097,SVSP,2019,Dec,49
2098,VSPW,2019,Dec,4
2099,WSP,2019,Dec,22
